category,n_pkts_dropped,n_bits_dropped,n_pkts_bypassed,n_rx_bits,n_rx_pkts,n_tx_bits,n_tx_pkts,n_rx_offload_bits,n_rx_offload_pkts,n_tx_offload_bits,n_tx_offload_pkts
OutboundTrafficMetrics,0,0,1,15776,9,15776,9,0,0,0,0
InboundTrafficMetrics,0,0,3,12784,8,12784,8,0,0,0,0
OutboundTrafficMetrics,0,0,1,15776,9,15776,9,0,0,0,0
InboundTrafficMetrics,0,0,3,12200,8,12200,8,0,0,0,0
OutboundTrafficMetrics,0,0,1,36344,20,36344,20,0,0,0,0
InboundTrafficMetrics,0,0,1,69864,21,69864,21,0,0,0,0
OutboundTrafficMetrics,0,0,1,36344,20,36344,20,0,0,0,0
InboundTrafficMetrics,0,0,1,69568,21,69568,21,0,0,0,0
OutboundTrafficMetrics,0,0,4,14296,9,14296,9,0,0,0,0
InboundTrafficMetrics,0,0,6,22112,9,22112,9,0,0,0,0
OutboundTrafficMetrics,0,0,4,14296,9,14296,9,0,0,0,0
InboundTrafficMetrics,0,0,6,21824,9,21824,9,0,0,0,0
OutboundTrafficMetrics,0,0,4,22888,11,22888,11,0,0,0,0
InboundTrafficMetrics,0,0,6,26200,10,26200,10,0,0,0,0
OutboundTrafficMetrics,0,0,4,22888,11,22888,11,0,0,0,0
InboundTrafficMetrics,0,0,6,25624,9,25624,9,0,0,0,0
OutboundTrafficMetrics,0,0,2,26920,12,26920,12,0,0,0,0
InboundTrafficMetrics,0,0,3,18200,8,18200,8,0,0,0,0
OutboundTrafficMetrics,0,0,2,26920,12,26920,12,0,0,0,0
InboundTrafficMetrics,0,0,3,17912,8,17912,8,0,0,0,0
OutboundTrafficMetrics,0,0,2,14224,7,14224,7,0,0,0,0
InboundTrafficMetrics,0,0,3,9840,5,9840,5,0,0,0,0
OutboundTrafficMetrics,0,0,2,14224,7,14224,7,0,0,0,0
InboundTrafficMetrics,0,0,3,9264,5,9264,5,0,0,0,0
OutboundTrafficMetrics,0,0,1,33544,19,33544,19,0,0,0,0
InboundTrafficMetrics,0,0,1,46896,18,46896,18,0,0,0,0
OutboundTrafficMetrics,0,0,1,33544,19,33544,19,0,0,0,0
InboundTrafficMetrics,0,0,1,46608,18,46608,18,0,0,0,0
OutboundTrafficMetrics,0,0,1,48176,71,48176,71,0,0,0,0
InboundTrafficMetrics,0,0,1,1850144,178,1850144,178,0,0,0,0
OutboundTrafficMetrics,0,0,1,48176,71,48176,71,0,0,0,0
InboundTrafficMetrics,0,0,1,1849848,178,1849848,178,0,0,0,0
OutboundTrafficMetrics,1,149,2,187040,295,185840,293,0,0,0,0
InboundTrafficMetrics,0,0,3,19021672,1769,19021672,1769,0,0,0,0
OutboundTrafficMetrics,1,149,2,187040,295,185840,293,0,0,0,0
InboundTrafficMetrics,0,0,3,19021088,1768,19021088,1768,0,0,0,0
OutboundTrafficMetrics,2,162,8,293752,423,292456,421,0,0,0,0
InboundTrafficMetrics,0,0,2,24383592,2269,24383592,2269,0,0,0,0
OutboundTrafficMetrics,2,162,8,293752,423,292456,421,0,0,0,0
InboundTrafficMetrics,0,0,2,24383304,2269,24383304,2269,0,0,0,0
OutboundTrafficMetrics,3,249,1,283480,431,281488,428,0,0,0,0
InboundTrafficMetrics,0,0,2,30312128,2814,30312128,2814,0,0,0,0
OutboundTrafficMetrics,3,249,1,283480,431,281488,428,0,0,0,0
InboundTrafficMetrics,0,0,2,30311552,2814,30311552,2814,0,0,0,0
OutboundTrafficMetrics,5,39,5,381944,614,381632,613,0,0,0,0
InboundTrafficMetrics,0,0,1,43250400,4001,43250400,4001,0,0,0,0
OutboundTrafficMetrics,5,39,5,381944,614,381632,613,0,0,0,0
InboundTrafficMetrics,0,0,1,43249992,4000,43249992,4000,0,0,0,0
OutboundTrafficMetrics,1,9,2,136080,224,136008,223,0,0,0,0
InboundTrafficMetrics,0,0,1,6946496,652,6946496,652,0,0,0,0
OutboundTrafficMetrics,1,9,2,136080,224,136008,223,0,0,0,0
InboundTrafficMetrics,0,0,1,6945912,652,6945912,652,0,0,0,0
OutboundTrafficMetrics,0,0,3,19568,10,19568,10,0,0,0,0
InboundTrafficMetrics,0,0,5,19176,8,19176,8,0,0,0,0
OutboundTrafficMetrics,0,0,3,19568,10,19568,10,0,0,0,0
InboundTrafficMetrics,0,0,5,18888,8,18888,8,0,0,0,0
OutboundTrafficMetrics,0,0,3,16592,9,16592,9,0,0,0,0
InboundTrafficMetrics,0,0,5,19496,7,19496,7,0,0,0,0
OutboundTrafficMetrics,0,0,3,16592,9,16592,9,0,0,0,0
InboundTrafficMetrics,0,0,5,19200,7,19200,7,0,0,0,0
OutboundTrafficMetrics,0,0,5,20208,14,20208,14,0,0,0,0
InboundTrafficMetrics,0,0,1,34200,13,34200,13,0,0,0,0
OutboundTrafficMetrics,0,0,5,20208,14,20208,14,0,0,0,0
InboundTrafficMetrics,0,0,1,33616,12,33616,12,0,0,0,0
OutboundTrafficMetrics,0,0,4,28368,13,28368,13,0,0,0,0
InboundTrafficMetrics,0,0,7,32616,12,32616,12,0,0,0,0
OutboundTrafficMetrics,0,0,4,28368,13,28368,13,0,0,0,0
InboundTrafficMetrics,0,0,7,32328,12,32328,12,0,0,0,0
OutboundTrafficMetrics,0,0,4,75480,21,75480,21,0,0,0,0
InboundTrafficMetrics,0,0,1,49608,23,49608,23,0,0,0,0
OutboundTrafficMetrics,0,0,4,75480,21,75480,21,0,0,0,0
InboundTrafficMetrics,0,0,1,49032,23,49032,23,0,0,0,0
OutboundTrafficMetrics,0,0,2,57120,22,57120,22,0,0,0,0
InboundTrafficMetrics,0,0,7,109928,23,109928,23,0,0,0,0
OutboundTrafficMetrics,0,0,2,57120,22,57120,22,0,0,0,0
InboundTrafficMetrics,0,0,7,109640,23,109640,23,0,0,0,0
OutboundTrafficMetrics,0,0,2,13976,7,13976,7,0,0,0,0
InboundTrafficMetrics,0,0,3,21016,7,21016,7,0,0,0,0
OutboundTrafficMetrics,0,0,2,13976,7,13976,7,0,0,0,0
InboundTrafficMetrics,0,0,3,20432,7,20432,7,0,0,0,0
OutboundTrafficMetrics,1,17,7,19624,12,19488,12,0,0,0,0
InboundTrafficMetrics,0,0,1,24088,9,24088,9,0,0,0,0
OutboundTrafficMetrics,1,17,7,19624,12,19488,12,0,0,0,0
InboundTrafficMetrics,0,0,1,23792,9,23792,9,0,0,0,0
OutboundTrafficMetrics,0,0,1,74184,22,74184,22,0,0,0,0
InboundTrafficMetrics,0,0,1,51752,25,51752,25,0,0,0,0
OutboundTrafficMetrics,0,0,1,74184,22,74184,22,0,0,0,0
InboundTrafficMetrics,0,0,1,51168,25,51168,25,0,0,0,0
OutboundTrafficMetrics,0,0,3,24424,13,24424,13,0,0,0,0
InboundTrafficMetrics,0,0,4,25384,10,25384,10,0,0,0,0
OutboundTrafficMetrics,0,0,3,24424,13,24424,13,0,0,0,0
InboundTrafficMetrics,0,0,4,25096,10,25096,10,0,0,0,0
OutboundTrafficMetrics,0,0,6,19888,13,19888,13,0,0,0,0
InboundTrafficMetrics,0,0,1,30648,12,30648,12,0,0,0,0
OutboundTrafficMetrics,0,0,6,19888,13,19888,13,0,0,0,0
InboundTrafficMetrics,0,0,1,29952,12,29952,12,0,0,0,0
OutboundTrafficMetrics,1,9,2,17144,11,17072,11,0,0,0,0
InboundTrafficMetrics,0,0,4,12104,9,12104,9,0,0,0,0
OutboundTrafficMetrics,1,9,2,17144,11,17072,11,0,0,0,0
InboundTrafficMetrics,0,0,4,11816,9,11816,9,0,0,0,0
OutboundTrafficMetrics,0,0,6,11448,8,11448,8,0,0,0,0
InboundTrafficMetrics,0,0,6,8656,5,8656,5,0,0,0,0
OutboundTrafficMetrics,0,0,6,11448,8,11448,8,0,0,0,0
InboundTrafficMetrics,0,0,6,8072,5,8072,5,0,0,0,0
OutboundTrafficMetrics,0,0,5,23712,11,23712,11,0,0,0,0
InboundTrafficMetrics,0,0,6,27688,8,27688,8,0,0,0,0
OutboundTrafficMetrics,0,0,5,23712,11,23712,11,0,0,0,0
InboundTrafficMetrics,0,0,6,27400,8,27400,8,0,0,0,0
OutboundTrafficMetrics,0,0,3,30272,13,30272,13,0,0,0,0
InboundTrafficMetrics,0,0,5,28752,10,28752,10,0,0,0,0
OutboundTrafficMetrics,0,0,3,30272,13,30272,13,0,0,0,0
InboundTrafficMetrics,0,0,5,28464,10,28464,10,0,0,0,0
OutboundTrafficMetrics,0,0,5,18688,11,18688,11,0,0,0,0
InboundTrafficMetrics,0,0,8,21200,8,21200,8,0,0,0,0
OutboundTrafficMetrics,0,0,5,18688,11,18688,11,0,0,0,0
InboundTrafficMetrics,0,0,8,20624,8,20624,8,0,0,0,0
OutboundTrafficMetrics,0,0,2,11088,8,11088,8,0,0,0,0
InboundTrafficMetrics,0,0,3,10504,6,10504,6,0,0,0,0
OutboundTrafficMetrics,0,0,2,11088,8,11088,8,0,0,0,0
InboundTrafficMetrics,0,0,3,10216,6,10216,6,0,0,0,0
OutboundTrafficMetrics,0,0,3,34112,13,34112,13,0,0,0,0
InboundTrafficMetrics,0,0,7,25528,11,25528,11,0,0,0,0
OutboundTrafficMetrics,0,0,3,34112,13,34112,13,0,0,0,0
InboundTrafficMetrics,0,0,7,24952,11,24952,11,0,0,0,0
OutboundTrafficMetrics,1,9,8,30680,17,30608,17,0,0,0,0
InboundTrafficMetrics,0,0,1,177992,25,177992,25,0,0,0,0
OutboundTrafficMetrics,1,9,8,30680,17,30608,17,0,0,0,0
InboundTrafficMetrics,0,0,1,177696,24,177696,24,0,0,0,0
OutboundTrafficMetrics,9,74,5,26152,13,25552,12,0,0,0,0
InboundTrafficMetrics,0,0,6,27752,11,27752,11,0,0,0,0
OutboundTrafficMetrics,9,74,5,26152,13,25552,12,0,0,0,0
InboundTrafficMetrics,0,0,6,27464,11,27464,11,0,0,0,0
OutboundTrafficMetrics,2,12,1,95912,27,95808,27,0,0,0,0
InboundTrafficMetrics,0,0,1,96848,25,96848,25,0,0,0,0
OutboundTrafficMetrics,2,12,1,95912,27,95808,27,0,0,0,0
InboundTrafficMetrics,0,0,1,96272,25,96272,25,0,0,0,0
OutboundTrafficMetrics,0,0,2,33632,15,33632,15,0,0,0,0
InboundTrafficMetrics,0,0,4,47256,15,47256,15,0,0,0,0
OutboundTrafficMetrics,0,0,2,33632,15,33632,15,0,0,0,0
InboundTrafficMetrics,0,0,4,46960,15,46960,15,0,0,0,0
OutboundTrafficMetrics,2,15,5,75184,20,75056,19,0,0,0,0
InboundTrafficMetrics,0,0,1,33000,22,33000,22,0,0,0,0
OutboundTrafficMetrics,2,15,5,75184,20,75056,19,0,0,0,0
InboundTrafficMetrics,0,0,1,32424,22,32424,22,0,0,0,0
OutboundTrafficMetrics,0,0,1,25040,15,25040,15,0,0,0,0
InboundTrafficMetrics,0,0,1,32624,14,32624,14,0,0,0,0
OutboundTrafficMetrics,0,0,1,25040,15,25040,15,0,0,0,0
InboundTrafficMetrics,0,0,1,32216,14,32216,14,0,0,0,0
OutboundTrafficMetrics,1,9,1,91928,142,91856,142,0,0,0,0
InboundTrafficMetrics,0,0,1,7962560,747,7962560,747,0,0,0,0
OutboundTrafficMetrics,1,9,1,91928,142,91856,142,0,0,0,0
InboundTrafficMetrics,0,0,1,7961984,747,7961984,747,0,0,0,0
OutboundTrafficMetrics,0,0,5,15600,10,15600,10,0,0,0,0
InboundTrafficMetrics,0,0,6,20056,9,20056,9,0,0,0,0
OutboundTrafficMetrics,0,0,5,15600,10,15600,10,0,0,0,0
InboundTrafficMetrics,0,0,6,19760,9,19760,9,0,0,0,0
OutboundTrafficMetrics,0,0,9,49480,20,49480,20,0,0,0,0
InboundTrafficMetrics,0,0,1,55000,18,55000,18,0,0,0,0
OutboundTrafficMetrics,0,0,9,49480,20,49480,20,0,0,0,0
InboundTrafficMetrics,0,0,1,54712,18,54712,18,0,0,0,0
OutboundTrafficMetrics,2,18,4,22832,12,22688,12,0,0,0,0
InboundTrafficMetrics,0,0,6,14384,9,14384,9,0,0,0,0
OutboundTrafficMetrics,2,18,4,22832,12,22688,12,0,0,0,0
InboundTrafficMetrics,0,0,6,13808,8,13808,8,0,0,0,0
OutboundTrafficMetrics,0,0,2,11072,7,11072,7,0,0,0,0
InboundTrafficMetrics,0,0,3,9496,6,9496,6,0,0,0,0
OutboundTrafficMetrics,0,0,2,11072,7,11072,7,0,0,0,0
InboundTrafficMetrics,0,0,3,9136,6,9136,6,0,0,0,0
OutboundTrafficMetrics,4,33,2,46856,18,46584,18,0,0,0,0
InboundTrafficMetrics,0,0,3,43624,16,43624,16,0,0,0,0
OutboundTrafficMetrics,4,33,2,46856,18,46584,18,0,0,0,0
InboundTrafficMetrics,0,0,3,43048,15,43048,15,0,0,0,0
OutboundTrafficMetrics,4,29,4,13040,8,12800,8,0,0,0,0
InboundTrafficMetrics,0,0,5,10264,6,10264,6,0,0,0,0
OutboundTrafficMetrics,4,29,4,13040,8,12800,8,0,0,0,0
InboundTrafficMetrics,0,0,5,9688,6,9688,6,0,0,0,0
OutboundTrafficMetrics,1,17,8,167400,43,167264,43,0,0,0,0
InboundTrafficMetrics,0,0,1,275600,69,275600,69,0,0,0,0
OutboundTrafficMetrics,1,17,8,167400,43,167264,43,0,0,0,0
InboundTrafficMetrics,0,0,1,275312,69,275312,69,0,0,0,0
OutboundTrafficMetrics,0,0,1,118088,43,118088,43,0,0,0,0
InboundTrafficMetrics,0,0,1,309656,80,309656,80,0,0,0,0
OutboundTrafficMetrics,0,0,1,118088,43,118088,43,0,0,0,0
InboundTrafficMetrics,0,0,1,309360,80,309360,80,0,0,0,0
OutboundTrafficMetrics,4,31,1,60560,17,60312,17,0,0,0,0
InboundTrafficMetrics,0,0,4,58344,21,58344,21,0,0,0,0
OutboundTrafficMetrics,4,31,1,60560,17,60312,17,0,0,0,0
InboundTrafficMetrics,0,0,4,57768,21,57768,21,0,0,0,0
OutboundTrafficMetrics,1,9,8,51456,18,51384,18,0,0,0,0
InboundTrafficMetrics,0,0,1,55272,19,55272,19,0,0,0,0
OutboundTrafficMetrics,1,9,8,51456,18,51384,18,0,0,0,0
InboundTrafficMetrics,0,0,1,54984,19,54984,19,0,0,0,0
OutboundTrafficMetrics,0,0,2,13488,9,13488,9,0,0,0,0
InboundTrafficMetrics,1,6,5,12848,8,12800,8,0,0,0,0
OutboundTrafficMetrics,0,0,2,13488,9,13488,9,0,0,0,0
InboundTrafficMetrics,1,6,5,12152,7,12104,7,0,0,0,0
OutboundTrafficMetrics,0,0,5,25080,11,25080,11,0,0,0,0
InboundTrafficMetrics,0,0,9,33784,10,33784,10,0,0,0,0
OutboundTrafficMetrics,0,0,5,25080,11,25080,11,0,0,0,0
InboundTrafficMetrics,0,0,9,33488,10,33488,10,0,0,0,0
OutboundTrafficMetrics,0,0,5,16168,10,16168,10,0,0,0,0
InboundTrafficMetrics,0,0,9,15456,8,15456,8,0,0,0,0
OutboundTrafficMetrics,0,0,5,16168,10,16168,10,0,0,0,0
InboundTrafficMetrics,0,0,9,15160,8,15160,8,0,0,0,0
OutboundTrafficMetrics,1,9,6,19560,12,19488,12,0,0,0,0
InboundTrafficMetrics,0,0,1,27808,11,27808,11,0,0,0,0
OutboundTrafficMetrics,1,9,6,19560,12,19488,12,0,0,0,0
InboundTrafficMetrics,0,0,1,27224,11,27224,11,0,0,0,0
OutboundTrafficMetrics,0,0,6,35256,13,35256,13,0,0,0,0
InboundTrafficMetrics,0,0,1,59920,14,59920,14,0,0,0,0
OutboundTrafficMetrics,0,0,6,35256,13,35256,13,0,0,0,0
InboundTrafficMetrics,0,0,1,59632,14,59632,14,0,0,0,0
OutboundTrafficMetrics,0,0,3,14920,9,14920,9,0,0,0,0
InboundTrafficMetrics,0,0,5,12544,7,12544,7,0,0,0,0
OutboundTrafficMetrics,0,0,3,14920,9,14920,9,0,0,0,0
InboundTrafficMetrics,0,0,5,11968,6,11968,6,0,0,0,0
OutboundTrafficMetrics,0,0,2,12208,8,12208,8,0,0,0,0
InboundTrafficMetrics,0,0,3,11648,7,11648,7,0,0,0,0
OutboundTrafficMetrics,0,0,2,12208,8,12208,8,0,0,0,0
InboundTrafficMetrics,0,0,3,11360,7,11360,7,0,0,0,0
OutboundTrafficMetrics,0,0,2,21616,8,21616,8,0,0,0,0
InboundTrafficMetrics,0,0,3,16024,7,16024,7,0,0,0,0
OutboundTrafficMetrics,0,0,2,21616,8,21616,8,0,0,0,0
InboundTrafficMetrics,0,0,3,15448,6,15448,6,0,0,0,0
OutboundTrafficMetrics,1,110,2,32504,18,31616,16,0,0,0,0
InboundTrafficMetrics,0,0,3,46872,14,46872,14,0,0,0,0
OutboundTrafficMetrics,1,110,2,32504,18,31616,16,0,0,0,0
InboundTrafficMetrics,0,0,3,46576,14,46576,14,0,0,0,0
OutboundTrafficMetrics,2,199,6,203008,50,201416,48,0,0,0,0
InboundTrafficMetrics,0,0,9,238320,63,238320,63,0,0,0,0
OutboundTrafficMetrics,2,199,6,203008,50,201416,48,0,0,0,0
InboundTrafficMetrics,0,0,9,238032,63,238032,63,0,0,0,0
OutboundTrafficMetrics,5,34,6,204896,61,204624,60,0,0,0,0
InboundTrafficMetrics,0,0,9,640768,145,640768,145,0,0,0,0
OutboundTrafficMetrics,5,34,6,204896,61,204624,60,0,0,0,0
InboundTrafficMetrics,0,0,9,640184,145,640184,145,0,0,0,0
OutboundTrafficMetrics,1,6,7,20840,11,20784,11,0,0,0,0
InboundTrafficMetrics,0,0,1,24776,9,24776,9,0,0,0,0
OutboundTrafficMetrics,1,6,7,20840,11,20784,11,0,0,0,0
InboundTrafficMetrics,0,0,1,24488,9,24488,9,0,0,0,0
OutboundTrafficMetrics,0,0,8,23184,12,23184,12,0,0,0,0
InboundTrafficMetrics,0,0,1,26784,11,26784,11,0,0,0,0
OutboundTrafficMetrics,0,0,8,23184,12,23184,12,0,0,0,0
InboundTrafficMetrics,0,0,1,26200,11,26200,11,0,0,0,0
OutboundTrafficMetrics,0,0,2,15920,8,15920,8,0,0,0,0
InboundTrafficMetrics,0,0,2,10536,7,10536,7,0,0,0,0
OutboundTrafficMetrics,0,0,2,15920,8,15920,8,0,0,0,0
InboundTrafficMetrics,0,0,2,10128,7,10128,7,0,0,0,0
OutboundTrafficMetrics,0,0,1,15064,9,15064,9,0,0,0,0
InboundTrafficMetrics,0,0,4,36024,9,36024,9,0,0,0,0
OutboundTrafficMetrics,0,0,1,15064,9,15064,9,0,0,0,0
InboundTrafficMetrics,0,0,4,35440,9,35440,9,0,0,0,0
OutboundTrafficMetrics,0,0,3,18624,9,18624,9,0,0,0,0
InboundTrafficMetrics,0,0,5,20584,8,20584,8,0,0,0,0
OutboundTrafficMetrics,0,0,3,18624,9,18624,9,0,0,0,0
InboundTrafficMetrics,0,0,5,20296,8,20296,8,0,0,0,0
OutboundTrafficMetrics,0,0,2,28064,12,28064,12,0,0,0,0
InboundTrafficMetrics,0,0,4,23640,10,23640,10,0,0,0,0
OutboundTrafficMetrics,0,0,2,28064,12,28064,12,0,0,0,0
InboundTrafficMetrics,0,0,4,23056,10,23056,10,0,0,0,0
OutboundTrafficMetrics,0,0,3,17248,9,17248,9,0,0,0,0
InboundTrafficMetrics,0,0,5,15896,7,15896,7,0,0,0,0
OutboundTrafficMetrics,0,0,3,17248,9,17248,9,0,0,0,0
InboundTrafficMetrics,0,0,5,15608,7,15608,7,0,0,0,0
OutboundTrafficMetrics,0,0,1,30128,15,30128,15,0,0,0,0
InboundTrafficMetrics,0,0,2,59136,15,59136,15,0,0,0,0
OutboundTrafficMetrics,0,0,1,30128,15,30128,15,0,0,0,0
InboundTrafficMetrics,0,0,2,58552,15,58552,15,0,0,0,0
OutboundTrafficMetrics,1,9,2,16824,8,16752,8,0,0,0,0
InboundTrafficMetrics,0,0,3,20792,7,20792,7,0,0,0,0
OutboundTrafficMetrics,1,9,2,16824,8,16752,8,0,0,0,0
InboundTrafficMetrics,0,0,3,20496,7,20496,7,0,0,0,0
OutboundTrafficMetrics,2,26,1,37840,18,37632,17,0,0,0,0
InboundTrafficMetrics,0,0,1,147376,24,147376,24,0,0,0,0
OutboundTrafficMetrics,2,26,1,37840,18,37632,17,0,0,0,0
InboundTrafficMetrics,0,0,1,146792,24,146792,24,0,0,0,0
OutboundTrafficMetrics,0,0,1,81392,77,81392,77,0,0,0,0
InboundTrafficMetrics,0,0,2,2868800,285,2868800,285,0,0,0,0
OutboundTrafficMetrics,0,0,1,81392,77,81392,77,0,0,0,0
InboundTrafficMetrics,0,0,2,2868504,285,2868504,285,0,0,0,0
OutboundTrafficMetrics,0,0,4,16816,9,16816,9,0,0,0,0
InboundTrafficMetrics,0,0,6,60312,11,60312,11,0,0,0,0
OutboundTrafficMetrics,0,0,4,16816,9,16816,9,0,0,0,0
InboundTrafficMetrics,0,0,6,60024,11,60024,11,0,0,0,0
OutboundTrafficMetrics,0,0,1,69144,22,69144,22,0,0,0,0
InboundTrafficMetrics,0,0,1,83320,19,83320,19,0,0,0,0
OutboundTrafficMetrics,0,0,1,69144,22,69144,22,0,0,0,0
InboundTrafficMetrics,0,0,1,82736,19,82736,19,0,0,0,0
OutboundTrafficMetrics,0,0,3,16088,11,16088,11,0,0,0,0
InboundTrafficMetrics,0,0,5,27520,10,27520,10,0,0,0,0
OutboundTrafficMetrics,0,0,3,16088,11,16088,11,0,0,0,0
InboundTrafficMetrics,0,0,5,27232,10,27232,10,0,0,0,0
OutboundTrafficMetrics,7,53,2,88496,45,88072,44,0,0,0,0
InboundTrafficMetrics,0,0,3,322424,72,322424,72,0,0,0,0
OutboundTrafficMetrics,7,53,2,88496,45,88072,44,0,0,0,0
InboundTrafficMetrics,0,0,3,321728,72,321728,72,0,0,0,0
OutboundTrafficMetrics,5,39,6,55416,26,55104,25,0,0,0,0
InboundTrafficMetrics,0,0,1,167328,40,167328,40,0,0,0,0
OutboundTrafficMetrics,5,39,6,55416,26,55104,25,0,0,0,0
InboundTrafficMetrics,0,0,1,166968,39,166968,39,0,0,0,0
OutboundTrafficMetrics,3,273,1,15232,13,13048,9,0,0,0,0
InboundTrafficMetrics,0,0,2,13240,8,13240,8,0,0,0,0
OutboundTrafficMetrics,3,273,1,15232,13,13048,9,0,0,0,0
InboundTrafficMetrics,0,0,2,12952,8,12952,8,0,0,0,0
OutboundTrafficMetrics,9,68,5,20456,14,19904,13,0,0,0,0
InboundTrafficMetrics,0,0,1,20528,9,20528,9,0,0,0,0
OutboundTrafficMetrics,9,68,5,20456,14,19904,13,0,0,0,0
InboundTrafficMetrics,0,0,1,19944,9,19944,9,0,0,0,0
OutboundTrafficMetrics,0,0,3,55144,17,55144,17,0,0,0,0
InboundTrafficMetrics,0,0,9,42280,20,42280,20,0,0,0,0
OutboundTrafficMetrics,0,0,3,55144,17,55144,17,0,0,0,0
InboundTrafficMetrics,0,0,9,41992,20,41992,20,0,0,0,0
OutboundTrafficMetrics,3,20,1,41560,16,41392,16,0,0,0,0
InboundTrafficMetrics,0,0,1,31536,15,31536,15,0,0,0,0
OutboundTrafficMetrics,3,20,1,41560,16,41392,16,0,0,0,0
InboundTrafficMetrics,0,0,1,30952,15,30952,15,0,0,0,0
OutboundTrafficMetrics,0,0,7,31040,10,31040,10,0,0,0,0
InboundTrafficMetrics,0,0,9,22656,8,22656,8,0,0,0,0
OutboundTrafficMetrics,0,0,7,31040,10,31040,10,0,0,0,0
InboundTrafficMetrics,0,0,9,22368,8,22368,8,0,0,0,0
OutboundTrafficMetrics,2,26,1,38200,16,37992,15,0,0,0,0
InboundTrafficMetrics,0,0,2,33640,13,33640,13,0,0,0,0
OutboundTrafficMetrics,2,26,1,38200,16,37992,15,0,0,0,0
InboundTrafficMetrics,0,0,2,33056,13,33056,13,0,0,0,0
OutboundTrafficMetrics,0,0,1,74456,20,74456,20,0,0,0,0
InboundTrafficMetrics,0,0,2,37224,22,37224,22,0,0,0,0
OutboundTrafficMetrics,0,0,1,74456,20,74456,20,0,0,0,0
InboundTrafficMetrics,0,0,2,36936,22,36936,22,0,0,0,0
OutboundTrafficMetrics,0,0,6,33704,12,33704,12,0,0,0,0
InboundTrafficMetrics,0,0,9,24920,10,24920,10,0,0,0,0
OutboundTrafficMetrics,0,0,6,33704,12,33704,12,0,0,0,0
InboundTrafficMetrics,0,0,9,24632,10,24632,10,0,0,0,0
OutboundTrafficMetrics,0,0,8,38904,17,38904,17,0,0,0,0
InboundTrafficMetrics,0,0,1,45160,16,45160,16,0,0,0,0
OutboundTrafficMetrics,0,0,8,38904,17,38904,17,0,0,0,0
InboundTrafficMetrics,0,0,1,44576,16,44576,16,0,0,0,0
OutboundTrafficMetrics,0,0,7,32752,15,32752,15,0,0,0,0
InboundTrafficMetrics,0,0,9,35704,14,35704,14,0,0,0,0
OutboundTrafficMetrics,0,0,7,32752,15,32752,15,0,0,0,0
InboundTrafficMetrics,0,0,9,35416,14,35416,14,0,0,0,0
OutboundTrafficMetrics,0,0,2,18704,10,18704,10,0,0,0,0
InboundTrafficMetrics,1,6,3,26872,9,26824,9,0,0,0,0
OutboundTrafficMetrics,0,0,2,18704,10,18704,10,0,0,0,0
InboundTrafficMetrics,1,6,3,26288,9,26240,9,0,0,0,0
OutboundTrafficMetrics,0,0,3,26672,13,26672,13,0,0,0,0
InboundTrafficMetrics,0,0,1,44536,12,44536,12,0,0,0,0
OutboundTrafficMetrics,0,0,3,26672,13,26672,13,0,0,0,0
InboundTrafficMetrics,0,0,1,44128,12,44128,12,0,0,0,0
OutboundTrafficMetrics,0,0,2,20384,10,20384,10,0,0,0,0
InboundTrafficMetrics,0,0,3,25344,9,25344,9,0,0,0,0
OutboundTrafficMetrics,0,0,2,20384,10,20384,10,0,0,0,0
InboundTrafficMetrics,0,0,3,24760,8,24760,8,0,0,0,0
OutboundTrafficMetrics,0,0,8,22816,11,22816,11,0,0,0,0
InboundTrafficMetrics,0,0,1,28368,10,28368,10,0,0,0,0
OutboundTrafficMetrics,0,0,8,22816,11,22816,11,0,0,0,0
InboundTrafficMetrics,0,0,1,28080,10,28080,10,0,0,0,0
OutboundTrafficMetrics,0,0,2,11016,7,11016,7,0,0,0,0
InboundTrafficMetrics,0,0,3,8760,6,8760,6,0,0,0,0
OutboundTrafficMetrics,0,0,2,11016,7,11016,7,0,0,0,0
InboundTrafficMetrics,0,0,3,8472,5,8472,5,0,0,0,0
OutboundTrafficMetrics,0,0,2,18848,10,18848,10,0,0,0,0
InboundTrafficMetrics,0,0,3,18440,9,18440,9,0,0,0,0
OutboundTrafficMetrics,0,0,2,18848,10,18848,10,0,0,0,0
InboundTrafficMetrics,0,0,3,17856,8,17856,8,0,0,0,0
OutboundTrafficMetrics,0,0,5,13504,8,13504,8,0,0,0,0
InboundTrafficMetrics,0,0,7,15088,6,15088,6,0,0,0,0
OutboundTrafficMetrics,0,0,5,13504,8,13504,8,0,0,0,0
InboundTrafficMetrics,0,0,7,14800,6,14800,6,0,0,0,0
OutboundTrafficMetrics,1,17,1,163448,46,163304,46,0,0,0,0
InboundTrafficMetrics,0,0,2,323232,53,323232,53,0,0,0,0
OutboundTrafficMetrics,1,17,1,163448,46,163304,46,0,0,0,0
InboundTrafficMetrics,0,0,2,322648,53,322648,53,0,0,0,0
OutboundTrafficMetrics,2,18,2,18128,10,17984,10,0,0,0,0
InboundTrafficMetrics,0,0,4,31656,8,31656,8,0,0,0,0
OutboundTrafficMetrics,2,18,2,18128,10,17984,10,0,0,0,0
InboundTrafficMetrics,0,0,4,31368,8,31368,8,0,0,0,0
OutboundTrafficMetrics,0,0,3,29280,14,29280,14,0,0,0,0
InboundTrafficMetrics,0,0,5,22560,10,22560,10,0,0,0,0
OutboundTrafficMetrics,0,0,3,29280,14,29280,14,0,0,0,0
InboundTrafficMetrics,0,0,5,22264,10,22264,10,0,0,0,0
OutboundTrafficMetrics,0,0,6,55888,16,55888,16,0,0,0,0
InboundTrafficMetrics,0,0,1,31512,17,31512,17,0,0,0,0
OutboundTrafficMetrics,0,0,6,55888,16,55888,16,0,0,0,0
InboundTrafficMetrics,0,0,1,30864,17,30864,17,0,0,0,0
OutboundTrafficMetrics,0,0,6,32712,12,32712,12,0,0,0,0
InboundTrafficMetrics,0,0,9,19448,12,19448,12,0,0,0,0
OutboundTrafficMetrics,0,0,6,32712,12,32712,12,0,0,0,0
InboundTrafficMetrics,0,0,9,19160,12,19160,12,0,0,0,0
OutboundTrafficMetrics,0,0,1,29256,14,29256,14,0,0,0,0
InboundTrafficMetrics,0,0,1,36192,13,36192,13,0,0,0,0
OutboundTrafficMetrics,0,0,1,29256,14,29256,14,0,0,0,0
InboundTrafficMetrics,0,0,1,35616,13,35616,13,0,0,0,0
OutboundTrafficMetrics,0,0,2,15280,9,15280,9,0,0,0,0
InboundTrafficMetrics,0,0,5,21648,9,21648,9,0,0,0,0
OutboundTrafficMetrics,0,0,2,15280,9,15280,9,0,0,0,0
InboundTrafficMetrics,0,0,5,21240,9,21240,9,0,0,0,0
OutboundTrafficMetrics,0,0,8,37424,16,37424,16,0,0,0,0
InboundTrafficMetrics,0,0,1,50232,14,50232,14,0,0,0,0
OutboundTrafficMetrics,0,0,8,37424,16,37424,16,0,0,0,0
InboundTrafficMetrics,0,0,1,49648,14,49648,14,0,0,0,0
OutboundTrafficMetrics,0,0,3,12848,8,12848,8,0,0,0,0
InboundTrafficMetrics,0,0,5,12176,6,12176,6,0,0,0,0
OutboundTrafficMetrics,0,0,3,12848,8,12848,8,0,0,0,0
InboundTrafficMetrics,0,0,5,11888,6,11888,6,0,0,0,0
OutboundTrafficMetrics,0,0,4,19448,14,19448,14,0,0,0,0
InboundTrafficMetrics,0,0,1,75240,17,75240,17,0,0,0,0
OutboundTrafficMetrics,0,0,4,19448,14,19448,14,0,0,0,0
InboundTrafficMetrics,0,0,1,74952,17,74952,17,0,0,0,0
OutboundTrafficMetrics,0,0,8,45472,16,45472,16,0,0,0,0
InboundTrafficMetrics,0,0,1,40768,13,40768,13,0,0,0,0
OutboundTrafficMetrics,0,0,8,45472,16,45472,16,0,0,0,0
InboundTrafficMetrics,0,0,1,40192,13,40192,13,0,0,0,0
OutboundTrafficMetrics,0,0,2,17032,9,17032,9,0,0,0,0
InboundTrafficMetrics,0,0,4,17584,7,17584,7,0,0,0,0
OutboundTrafficMetrics,0,0,2,17032,9,17032,9,0,0,0,0
InboundTrafficMetrics,0,0,4,17288,7,17288,7,0,0,0,0
OutboundTrafficMetrics,1,17,7,27120,11,26984,11,0,0,0,0
InboundTrafficMetrics,0,0,8,32400,10,32400,10,0,0,0,0
OutboundTrafficMetrics,1,17,7,27120,11,26984,11,0,0,0,0
InboundTrafficMetrics,0,0,8,31816,9,31816,9,0,0,0,0
OutboundTrafficMetrics,0,0,9,18760,13,18760,13,0,0,0,0
InboundTrafficMetrics,0,0,1,78784,16,78784,16,0,0,0,0
OutboundTrafficMetrics,0,0,9,18760,13,18760,13,0,0,0,0
InboundTrafficMetrics,0,0,1,78488,16,78488,16,0,0,0,0
OutboundTrafficMetrics,0,0,5,38664,18,38664,18,0,0,0,0
InboundTrafficMetrics,0,0,1,140344,25,140344,25,0,0,0,0
OutboundTrafficMetrics,0,0,5,38664,18,38664,18,0,0,0,0
InboundTrafficMetrics,0,0,1,139760,25,139760,25,0,0,0,0
OutboundTrafficMetrics,0,0,9,80528,18,80528,18,0,0,0,0
InboundTrafficMetrics,0,0,1,29424,19,29424,19,0,0,0,0
OutboundTrafficMetrics,0,0,9,80528,18,80528,18,0,0,0,0
InboundTrafficMetrics,0,0,1,29128,19,29128,19,0,0,0,0
OutboundTrafficMetrics,0,0,1,17704,13,17704,13,0,0,0,0
InboundTrafficMetrics,0,0,2,126672,17,126672,17,0,0,0,0
OutboundTrafficMetrics,0,0,1,17704,13,17704,13,0,0,0,0
InboundTrafficMetrics,0,0,2,126384,17,126384,17,0,0,0,0
OutboundTrafficMetrics,0,0,2,13688,7,13688,7,0,0,0,0
InboundTrafficMetrics,0,0,3,12456,5,12456,5,0,0,0,0
OutboundTrafficMetrics,0,0,2,13688,7,13688,7,0,0,0,0
InboundTrafficMetrics,0,0,3,11872,5,11872,5,0,0,0,0
OutboundTrafficMetrics,0,0,8,36592,15,36592,15,0,0,0,0
InboundTrafficMetrics,0,0,1,36696,12,36696,12,0,0,0,0
OutboundTrafficMetrics,0,0,8,36592,15,36592,15,0,0,0,0
InboundTrafficMetrics,0,0,1,36400,12,36400,12,0,0,0,0
OutboundTrafficMetrics,0,0,3,12216,8,12216,8,0,0,0,0
InboundTrafficMetrics,0,0,4,19848,7,19848,7,0,0,0,0
OutboundTrafficMetrics,0,0,3,12216,8,12216,8,0,0,0,0
InboundTrafficMetrics,0,0,4,19152,6,19152,6,0,0,0,0
OutboundTrafficMetrics,0,0,5,25272,12,25272,12,0,0,0,0
InboundTrafficMetrics,0,0,7,20176,8,20176,8,0,0,0,0
OutboundTrafficMetrics,0,0,5,25272,12,25272,12,0,0,0,0
InboundTrafficMetrics,0,0,7,19888,8,19888,8,0,0,0,0
OutboundTrafficMetrics,0,0,7,35776,16,35776,16,0,0,0,0
InboundTrafficMetrics,0,0,1,78448,17,78448,17,0,0,0,0
OutboundTrafficMetrics,0,0,7,35776,16,35776,16,0,0,0,0
InboundTrafficMetrics,0,0,1,77864,17,77864,17,0,0,0,0
OutboundTrafficMetrics,0,0,9,20000,15,20000,15,0,0,0,0
InboundTrafficMetrics,0,0,1,101496,21,101496,21,0,0,0,0
OutboundTrafficMetrics,0,0,9,20000,15,20000,15,0,0,0,0
InboundTrafficMetrics,0,0,1,101208,21,101208,21,0,0,0,0
OutboundTrafficMetrics,0,0,5,18304,10,18304,10,0,0,0,0
InboundTrafficMetrics,0,0,7,22984,10,22984,10,0,0,0,0
OutboundTrafficMetrics,0,0,5,18304,10,18304,10,0,0,0,0
InboundTrafficMetrics,0,0,7,22696,10,22696,10,0,0,0,0
OutboundTrafficMetrics,2,26,1,51792,17,51576,17,0,0,0,0
InboundTrafficMetrics,0,0,1,54088,15,54088,15,0,0,0,0
OutboundTrafficMetrics,2,26,1,51792,17,51576,17,0,0,0,0
InboundTrafficMetrics,0,0,1,53504,15,53504,15,0,0,0,0
OutboundTrafficMetrics,1,90,2,143016,221,142288,220,0,0,0,0
InboundTrafficMetrics,0,0,4,10424584,974,10424584,974,0,0,0,0
OutboundTrafficMetrics,1,90,2,143016,221,142288,220,0,0,0,0
InboundTrafficMetrics,0,0,4,10424296,974,10424296,974,0,0,0,0
OutboundTrafficMetrics,0,0,1,136536,229,136536,229,0,0,0,0
InboundTrafficMetrics,0,0,2,10852248,1015,10852248,1015,0,0,0,0
OutboundTrafficMetrics,0,0,1,136536,229,136536,229,0,0,0,0
InboundTrafficMetrics,0,0,2,10851664,1015,10851664,1015,0,0,0,0
OutboundTrafficMetrics,1,9,1,596872,980,596800,980,0,0,0,0
InboundTrafficMetrics,0,0,1,40887792,3788,40887792,3788,0,0,0,0
OutboundTrafficMetrics,1,9,1,596872,980,596800,980,0,0,0,0
InboundTrafficMetrics,0,0,1,40887504,3788,40887504,3788,0,0,0,0
OutboundTrafficMetrics,1,9,8,741488,1206,741416,1206,0,0,0,0
InboundTrafficMetrics,0,0,1,50123784,4638,50123784,4638,0,0,0,0
OutboundTrafficMetrics,1,9,8,741488,1206,741416,1206,0,0,0,0
InboundTrafficMetrics,0,0,1,50123496,4638,50123496,4638,0,0,0,0
OutboundTrafficMetrics,1,9,9,1189584,1752,1189512,1752,0,0,0,0
InboundTrafficMetrics,0,0,1,50851352,4705,50851352,4705,0,0,0,0
OutboundTrafficMetrics,1,9,9,1189584,1752,1189512,1752,0,0,0,0
InboundTrafficMetrics,0,0,1,50850768,4705,50850768,4705,0,0,0,0
OutboundTrafficMetrics,1,9,3,897304,1339,897232,1339,0,0,0,0
InboundTrafficMetrics,0,0,6,44221008,4091,44221008,4091,0,0,0,0
OutboundTrafficMetrics,1,9,3,897304,1339,897232,1339,0,0,0,0
InboundTrafficMetrics,0,0,6,44220720,4091,44220720,4091,0,0,0,0
OutboundTrafficMetrics,1,9,1,382096,575,382024,574,0,0,0,0
InboundTrafficMetrics,0,0,2,41616944,3857,41616944,3857,0,0,0,0
OutboundTrafficMetrics,1,9,1,382096,575,382024,574,0,0,0,0
InboundTrafficMetrics,0,0,2,41616240,3857,41616240,3857,0,0,0,0
OutboundTrafficMetrics,0,0,1,896728,1324,896728,1324,0,0,0,0
InboundTrafficMetrics,0,0,2,50203176,4651,50203176,4651,0,0,0,0
OutboundTrafficMetrics,0,0,1,896728,1324,896728,1324,0,0,0,0
InboundTrafficMetrics,0,0,2,50202888,4651,50202888,4651,0,0,0,0
OutboundTrafficMetrics,0,0,2,690088,1102,690088,1102,0,0,0,0
InboundTrafficMetrics,0,0,5,50751224,4694,50751224,4694,0,0,0,0
OutboundTrafficMetrics,0,0,2,690088,1102,690088,1102,0,0,0,0
InboundTrafficMetrics,0,0,5,50750640,4694,50750640,4694,0,0,0,0
OutboundTrafficMetrics,0,0,5,540488,971,540488,971,0,0,0,0
InboundTrafficMetrics,0,0,8,50323032,4660,50323032,4660,0,0,0,0
OutboundTrafficMetrics,0,0,5,540488,971,540488,971,0,0,0,0
InboundTrafficMetrics,0,0,8,50322744,4660,50322744,4660,0,0,0,0
OutboundTrafficMetrics,0,0,2,53384,85,53384,85,0,0,0,0
InboundTrafficMetrics,0,0,3,4245336,397,4245336,397,0,0,0,0
OutboundTrafficMetrics,0,0,2,53384,85,53384,85,0,0,0,0
InboundTrafficMetrics,0,0,3,4245048,397,4245048,397,0,0,0,0
OutboundTrafficMetrics,2,26,6,20216,11,20000,10,0,0,0,0
InboundTrafficMetrics,0,0,7,24456,9,24456,9,0,0,0,0
OutboundTrafficMetrics,2,26,6,20216,11,20000,10,0,0,0,0
InboundTrafficMetrics,0,0,7,23872,9,23872,9,0,0,0,0
OutboundTrafficMetrics,0,0,1,42872,19,42872,19,0,0,0,0
InboundTrafficMetrics,1,9,2,61712,18,61640,18,0,0,0,0
OutboundTrafficMetrics,0,0,1,42872,19,42872,19,0,0,0,0
InboundTrafficMetrics,1,9,2,61424,18,61352,18,0,0,0,0
OutboundTrafficMetrics,0,0,4,17928,11,17928,11,0,0,0,0
InboundTrafficMetrics,0,0,7,24240,8,24240,8,0,0,0,0
OutboundTrafficMetrics,0,0,4,17928,11,17928,11,0,0,0,0
InboundTrafficMetrics,0,0,7,23664,8,23664,8,0,0,0,0
OutboundTrafficMetrics,0,0,8,30472,15,30472,15,0,0,0,0
InboundTrafficMetrics,0,0,1,42528,12,42528,12,0,0,0,0
OutboundTrafficMetrics,0,0,8,30472,15,30472,15,0,0,0,0
InboundTrafficMetrics,0,0,1,42232,12,42232,12,0,0,0,0
OutboundTrafficMetrics,0,0,2,11976,8,11976,8,0,0,0,0
InboundTrafficMetrics,0,0,3,9288,6,9288,6,0,0,0,0
OutboundTrafficMetrics,0,0,2,11976,8,11976,8,0,0,0,0
InboundTrafficMetrics,0,0,3,8712,6,8712,6,0,0,0,0
OutboundTrafficMetrics,0,0,4,12360,7,12360,7,0,0,0,0
InboundTrafficMetrics,0,0,5,14776,6,14776,6,0,0,0,0
OutboundTrafficMetrics,0,0,4,12360,7,12360,7,0,0,0,0
InboundTrafficMetrics,0,0,5,14480,6,14480,6,0,0,0,0
OutboundTrafficMetrics,1,9,4,94856,54,94784,54,0,0,0,0
InboundTrafficMetrics,0,0,4,440952,76,440952,76,0,0,0,0
OutboundTrafficMetrics,1,9,4,94856,54,94784,54,0,0,0,0
InboundTrafficMetrics,0,0,4,440656,76,440656,76,0,0,0,0
OutboundTrafficMetrics,0,0,1,66200,101,66200,101,0,0,0,0
InboundTrafficMetrics,0,0,1,1776616,174,1776616,174,0,0,0,0
OutboundTrafficMetrics,0,0,1,66200,101,66200,101,0,0,0,0
InboundTrafficMetrics,0,0,1,1776040,174,1776040,174,0,0,0,0
OutboundTrafficMetrics,0,0,3,16184,8,16184,8,0,0,0,0
InboundTrafficMetrics,0,0,5,15184,7,15184,7,0,0,0,0
OutboundTrafficMetrics,0,0,3,16184,8,16184,8,0,0,0,0
InboundTrafficMetrics,0,0,5,14776,6,14776,6,0,0,0,0
OutboundTrafficMetrics,3,24,2,19896,15,19696,14,0,0,0,0
InboundTrafficMetrics,0,0,3,34304,13,34304,13,0,0,0,0
OutboundTrafficMetrics,3,24,2,19896,15,19696,14,0,0,0,0
InboundTrafficMetrics,0,0,3,33728,13,33728,13,0,0,0,0
OutboundTrafficMetrics,1,9,7,108400,25,108328,25,0,0,0,0
InboundTrafficMetrics,0,0,1,60680,27,60680,27,0,0,0,0
OutboundTrafficMetrics,1,9,7,108400,25,108328,25,0,0,0,0
InboundTrafficMetrics,0,0,1,60384,27,60384,27,0,0,0,0
OutboundTrafficMetrics,0,0,2,16392,7,16392,7,0,0,0,0
InboundTrafficMetrics,0,0,5,15656,6,15656,6,0,0,0,0
OutboundTrafficMetrics,0,0,2,16392,7,16392,7,0,0,0,0
InboundTrafficMetrics,0,0,5,15368,6,15368,6,0,0,0,0
OutboundTrafficMetrics,4,354,2,40832,24,38000,20,0,0,0,0
InboundTrafficMetrics,0,0,5,59216,20,59216,20,0,0,0,0
OutboundTrafficMetrics,4,354,2,40832,24,38000,20,0,0,0,0
InboundTrafficMetrics,0,0,5,58640,19,58640,19,0,0,0,0
OutboundTrafficMetrics,8,59,1,55240,19,54768,18,0,0,0,0
InboundTrafficMetrics,0,0,1,34608,20,34608,20,0,0,0,0
OutboundTrafficMetrics,8,59,1,55240,19,54768,18,0,0,0,0
InboundTrafficMetrics,0,0,1,34320,20,34320,20,0,0,0,0
OutboundTrafficMetrics,3,21,9,120144,30,119968,29,0,0,0,0
InboundTrafficMetrics,0,0,1,96160,31,96160,31,0,0,0,0
OutboundTrafficMetrics,3,21,9,120144,30,119968,29,0,0,0,0
InboundTrafficMetrics,0,0,1,95576,31,95576,31,0,0,0,0
OutboundTrafficMetrics,0,0,5,57296,18,57296,18,0,0,0,0
InboundTrafficMetrics,0,0,1,52720,16,52720,16,0,0,0,0
OutboundTrafficMetrics,0,0,5,57296,18,57296,18,0,0,0,0
InboundTrafficMetrics,0,0,1,52424,16,52424,16,0,0,0,0
OutboundTrafficMetrics,2,18,5,23792,13,23648,12,0,0,0,0
InboundTrafficMetrics,0,0,1,29392,11,29392,11,0,0,0,0
OutboundTrafficMetrics,2,18,5,23792,13,23648,12,0,0,0,0
InboundTrafficMetrics,0,0,1,28816,11,28816,11,0,0,0,0
OutboundTrafficMetrics,0,0,2,19136,13,19136,13,0,0,0,0
InboundTrafficMetrics,0,0,5,91424,14,91424,14,0,0,0,0
OutboundTrafficMetrics,0,0,2,19136,13,19136,13,0,0,0,0
InboundTrafficMetrics,0,0,5,91136,14,91136,14,0,0,0,0
OutboundTrafficMetrics,1,9,3,32456,14,32384,14,0,0,0,0
InboundTrafficMetrics,0,0,5,45048,14,45048,14,0,0,0,0
OutboundTrafficMetrics,1,9,3,32456,14,32384,14,0,0,0,0
InboundTrafficMetrics,0,0,5,44752,13,44752,13,0,0,0,0
OutboundTrafficMetrics,0,0,6,60816,27,60816,27,0,0,0,0
InboundTrafficMetrics,1,6,8,261072,61,261024,60,0,0,0,0
OutboundTrafficMetrics,0,0,6,60816,27,60816,27,0,0,0,0
InboundTrafficMetrics,1,6,8,260496,60,260448,60,0,0,0,0
OutboundTrafficMetrics,2,15,2,227656,91,227528,91,0,0,0,0
InboundTrafficMetrics,0,0,4,885416,185,885416,185,0,0,0,0
OutboundTrafficMetrics,2,15,2,227656,91,227528,91,0,0,0,0
InboundTrafficMetrics,0,0,4,885128,185,885128,185,0,0,0,0
OutboundTrafficMetrics,2,202,5,60168,37,58544,34,0,0,0,0
InboundTrafficMetrics,1,6,9,266648,63,266600,63,0,0,0,0
OutboundTrafficMetrics,2,202,5,60168,37,58544,34,0,0,0,0
InboundTrafficMetrics,1,6,9,265952,63,265904,62,0,0,0,0
OutboundTrafficMetrics,6,46,4,22928,13,22552,12,0,0,0,0
InboundTrafficMetrics,0,0,7,81464,23,81464,23,0,0,0,0
OutboundTrafficMetrics,6,46,4,22928,13,22552,12,0,0,0,0
InboundTrafficMetrics,0,0,7,80888,22,80888,22,0,0,0,0
OutboundTrafficMetrics,0,0,2,11712,6,11712,6,0,0,0,0
InboundTrafficMetrics,0,0,8,9040,5,9040,5,0,0,0,0
OutboundTrafficMetrics,0,0,2,11712,6,11712,6,0,0,0,0
InboundTrafficMetrics,0,0,8,8752,5,8752,5,0,0,0,0
OutboundTrafficMetrics,1,17,1,124632,32,124488,31,0,0,0,0
InboundTrafficMetrics,0,0,1,190752,35,190752,35,0,0,0,0
OutboundTrafficMetrics,1,17,1,124632,32,124488,31,0,0,0,0
InboundTrafficMetrics,0,0,1,190464,35,190464,35,0,0,0,0
OutboundTrafficMetrics,0,0,1,37024,12,37024,12,0,0,0,0
InboundTrafficMetrics,0,0,3,27568,11,27568,11,0,0,0,0
OutboundTrafficMetrics,0,0,1,37024,12,37024,12,0,0,0,0
InboundTrafficMetrics,0,0,3,26920,11,26920,11,0,0,0,0
OutboundTrafficMetrics,0,0,3,37104,17,37104,17,0,0,0,0
InboundTrafficMetrics,0,0,6,53160,16,53160,16,0,0,0,0
OutboundTrafficMetrics,0,0,3,37104,17,37104,17,0,0,0,0
InboundTrafficMetrics,0,0,6,52872,16,52872,16,0,0,0,0
OutboundTrafficMetrics,2,18,7,22712,12,22568,12,0,0,0,0
InboundTrafficMetrics,0,0,1,30656,10,30656,10,0,0,0,0
OutboundTrafficMetrics,2,18,7,22712,12,22568,12,0,0,0,0
InboundTrafficMetrics,0,0,1,30072,10,30072,10,0,0,0,0
OutboundTrafficMetrics,0,0,8,26376,17,26376,17,0,0,0,0
InboundTrafficMetrics,0,0,1,33800,18,33800,18,0,0,0,0
OutboundTrafficMetrics,0,0,8,26376,17,26376,17,0,0,0,0
InboundTrafficMetrics,0,0,1,33512,18,33512,18,0,0,0,0
OutboundTrafficMetrics,0,0,3,14432,8,14432,8,0,0,0,0
InboundTrafficMetrics,0,0,4,14960,7,14960,7,0,0,0,0
OutboundTrafficMetrics,0,0,3,14432,8,14432,8,0,0,0,0
InboundTrafficMetrics,0,0,4,14672,6,14672,6,0,0,0,0
OutboundTrafficMetrics,0,0,9,32952,19,32952,19,0,0,0,0
InboundTrafficMetrics,0,0,1,53656,18,53656,18,0,0,0,0
OutboundTrafficMetrics,0,0,9,32952,19,32952,19,0,0,0,0
InboundTrafficMetrics,0,0,1,53072,17,53072,17,0,0,0,0
OutboundTrafficMetrics,0,0,2,70080,38,70080,38,0,0,0,0
InboundTrafficMetrics,0,0,3,121264,38,121264,38,0,0,0,0
OutboundTrafficMetrics,0,0,2,70080,38,70080,38,0,0,0,0
InboundTrafficMetrics,0,0,3,120976,38,120976,38,0,0,0,0
OutboundTrafficMetrics,0,0,8,42816,28,42816,28,0,0,0,0
InboundTrafficMetrics,0,0,1,64128,26,64128,26,0,0,0,0
OutboundTrafficMetrics,0,0,8,42816,28,42816,28,0,0,0,0
InboundTrafficMetrics,0,0,1,63544,26,63544,26,0,0,0,0
OutboundTrafficMetrics,0,0,1,29864,28,29864,28,0,0,0,0
InboundTrafficMetrics,0,0,1,50760,25,50760,25,0,0,0,0
OutboundTrafficMetrics,0,0,1,29864,28,29864,28,0,0,0,0
InboundTrafficMetrics,0,0,1,50352,24,50352,24,0,0,0,0
OutboundTrafficMetrics,0,0,1,66544,26,66544,26,0,0,0,0
InboundTrafficMetrics,0,0,2,60712,23,60712,23,0,0,0,0
OutboundTrafficMetrics,0,0,1,66544,26,66544,26,0,0,0,0
InboundTrafficMetrics,0,0,2,60128,22,60128,22,0,0,0,0
OutboundTrafficMetrics,0,0,3,28928,10,28928,10,0,0,0,0
InboundTrafficMetrics,0,0,5,24104,8,24104,8,0,0,0,0
OutboundTrafficMetrics,0,0,3,28928,10,28928,10,0,0,0,0
InboundTrafficMetrics,0,0,5,23808,7,23808,7,0,0,0,0
OutboundTrafficMetrics,1,17,8,30224,13,30080,12,0,0,0,0
InboundTrafficMetrics,0,0,1,34312,10,34312,10,0,0,0,0
OutboundTrafficMetrics,1,17,8,30224,13,30080,12,0,0,0,0
InboundTrafficMetrics,0,0,1,34016,10,34016,10,0,0,0,0
OutboundTrafficMetrics,0,0,1,43208,14,43208,14,0,0,0,0
InboundTrafficMetrics,0,0,1,29344,11,29344,11,0,0,0,0
OutboundTrafficMetrics,0,0,1,43208,14,43208,14,0,0,0,0
InboundTrafficMetrics,0,0,1,28760,11,28760,11,0,0,0,0
OutboundTrafficMetrics,0,0,1,39744,19,39744,19,0,0,0,0
InboundTrafficMetrics,0,0,1,44544,16,44544,16,0,0,0,0
OutboundTrafficMetrics,0,0,1,39744,19,39744,19,0,0,0,0
InboundTrafficMetrics,0,0,1,44248,16,44248,16,0,0,0,0
OutboundTrafficMetrics,0,0,1,28200,15,28200,15,0,0,0,0
InboundTrafficMetrics,0,0,1,31768,16,31768,16,0,0,0,0
OutboundTrafficMetrics,0,0,1,28200,15,28200,15,0,0,0,0
InboundTrafficMetrics,0,0,1,31184,16,31184,16,0,0,0,0
OutboundTrafficMetrics,0,0,5,33544,17,33544,17,0,0,0,0
InboundTrafficMetrics,0,0,7,132856,19,132856,19,0,0,0,0
OutboundTrafficMetrics,0,0,5,33544,17,33544,17,0,0,0,0
InboundTrafficMetrics,0,0,7,132560,19,132560,19,0,0,0,0
OutboundTrafficMetrics,0,0,6,43352,13,43352,13,0,0,0,0
InboundTrafficMetrics,0,0,1,29824,10,29824,10,0,0,0,0
OutboundTrafficMetrics,0,0,6,43352,13,43352,13,0,0,0,0
InboundTrafficMetrics,0,0,1,29248,10,29248,10,0,0,0,0
OutboundTrafficMetrics,1,9,4,11944,8,11872,8,0,0,0,0
InboundTrafficMetrics,0,0,7,11968,6,11968,6,0,0,0,0
OutboundTrafficMetrics,1,9,4,11944,8,11872,8,0,0,0,0
InboundTrafficMetrics,0,0,7,11672,6,11672,6,0,0,0,0
OutboundTrafficMetrics,0,0,1,473680,784,473680,784,0,0,0,0
InboundTrafficMetrics,0,0,2,38994200,3614,38994200,3614,0,0,0,0
OutboundTrafficMetrics,0,0,1,473680,784,473680,784,0,0,0,0
InboundTrafficMetrics,0,0,2,38993912,3614,38993912,3614,0,0,0,0
OutboundTrafficMetrics,0,0,1,702488,1007,702488,1007,0,0,0,0
InboundTrafficMetrics,0,0,3,51037792,4740,51037792,4740,0,0,0,0
OutboundTrafficMetrics,0,0,1,702488,1007,702488,1007,0,0,0,0
InboundTrafficMetrics,0,0,3,51037216,4740,51037216,4740,0,0,0,0
OutboundTrafficMetrics,0,0,1,655104,1003,655104,1003,0,0,0,0
InboundTrafficMetrics,0,0,1,50634896,4696,50634896,4696,0,0,0,0
OutboundTrafficMetrics,0,0,1,655104,1003,655104,1003,0,0,0,0
InboundTrafficMetrics,0,0,1,50634600,4696,50634600,4696,0,0,0,0
OutboundTrafficMetrics,3,29,2,1031936,1078,1031696,1077,0,0,0,0
InboundTrafficMetrics,0,0,3,50971560,4773,50971560,4773,0,0,0,0
OutboundTrafficMetrics,3,29,2,1031936,1078,1031696,1077,0,0,0,0
InboundTrafficMetrics,0,0,3,50970864,4773,50970864,4773,0,0,0,0
OutboundTrafficMetrics,1,108,3,1171568,1068,1170704,1067,0,0,0,0
InboundTrafficMetrics,0,0,4,51063312,4842,51063312,4842,0,0,0,0
OutboundTrafficMetrics,1,108,3,1171568,1068,1170704,1067,0,0,0,0
InboundTrafficMetrics,0,0,4,51063024,4842,51063024,4842,0,0,0,0
OutboundTrafficMetrics,9,90,3,728984,488,728256,488,0,0,0,0
InboundTrafficMetrics,1,6,4,20831440,2004,20831384,2004,0,0,0,0
OutboundTrafficMetrics,9,90,3,728984,488,728256,488,0,0,0,0
InboundTrafficMetrics,1,6,4,20830856,2004,20830808,2004,0,0,0,0
OutboundTrafficMetrics,1,141,3,306912,97,305776,95,0,0,0,0
InboundTrafficMetrics,0,0,4,999304,155,999304,155,0,0,0,0
OutboundTrafficMetrics,1,141,3,306912,97,305776,95,0,0,0,0
InboundTrafficMetrics,0,0,4,999016,155,999016,155,0,0,0,0
OutboundTrafficMetrics,1,100,1,597352,279,596544,278,0,0,0,0
InboundTrafficMetrics,0,0,2,7100488,756,7100488,756,0,0,0,0
OutboundTrafficMetrics,1,100,1,597352,279,596544,278,0,0,0,0
InboundTrafficMetrics,0,0,2,7100200,756,7100200,756,0,0,0,0
OutboundTrafficMetrics,1,147,1,374232,69,373048,67,0,0,0,0
InboundTrafficMetrics,0,0,2,317424,69,317424,69,0,0,0,0
OutboundTrafficMetrics,1,147,1,374232,69,373048,67,0,0,0,0
InboundTrafficMetrics,0,0,2,316840,69,316840,69,0,0,0,0
OutboundTrafficMetrics,1,120,9,166496,41,165536,40,0,0,0,0
InboundTrafficMetrics,0,0,1,149208,35,149208,35,0,0,0,0
OutboundTrafficMetrics,1,120,9,166496,41,165536,40,0,0,0,0
InboundTrafficMetrics,0,0,1,148920,35,148920,35,0,0,0,0
OutboundTrafficMetrics,4,39,2,254592,80,254280,79,0,0,0,0
InboundTrafficMetrics,0,0,4,677648,99,677648,99,0,0,0,0
OutboundTrafficMetrics,4,39,2,254592,80,254280,79,0,0,0,0
InboundTrafficMetrics,0,0,4,677064,99,677064,99,0,0,0,0
OutboundTrafficMetrics,1,10,7,47928,30,47848,30,0,0,0,0
InboundTrafficMetrics,0,0,1,315832,42,315832,42,0,0,0,0
OutboundTrafficMetrics,1,10,7,47928,30,47848,30,0,0,0,0
InboundTrafficMetrics,0,0,1,315544,42,315544,42,0,0,0,0
OutboundTrafficMetrics,2,14,4,23640,12,23520,12,0,0,0,0
InboundTrafficMetrics,0,0,6,31464,11,31464,11,0,0,0,0
OutboundTrafficMetrics,2,14,4,23640,12,23520,12,0,0,0,0
InboundTrafficMetrics,0,0,6,31168,11,31168,11,0,0,0,0
OutboundTrafficMetrics,1,9,2,39624,18,39552,18,0,0,0,0
InboundTrafficMetrics,0,0,4,36472,14,36472,14,0,0,0,0
OutboundTrafficMetrics,1,9,2,39624,18,39552,18,0,0,0,0
InboundTrafficMetrics,0,0,4,35896,14,35896,14,0,0,0,0
OutboundTrafficMetrics,0,0,3,17120,12,17120,12,0,0,0,0
InboundTrafficMetrics,0,0,4,17016,9,17016,9,0,0,0,0
OutboundTrafficMetrics,0,0,3,17120,12,17120,12,0,0,0,0
InboundTrafficMetrics,0,0,4,16728,9,16728,9,0,0,0,0
OutboundTrafficMetrics,0,0,7,20984,13,20984,13,0,0,0,0
InboundTrafficMetrics,0,0,9,31464,12,31464,12,0,0,0,0
OutboundTrafficMetrics,0,0,7,20984,13,20984,13,0,0,0,0
InboundTrafficMetrics,0,0,9,30768,12,30768,12,0,0,0,0
OutboundTrafficMetrics,0,0,2,68632,37,68632,37,0,0,0,0
InboundTrafficMetrics,0,0,2,604376,80,604376,80,0,0,0,0
OutboundTrafficMetrics,0,0,2,68632,37,68632,37,0,0,0,0
InboundTrafficMetrics,0,0,2,604088,80,604088,80,0,0,0,0
OutboundTrafficMetrics,1,17,8,57616,33,57480,33,0,0,0,0
InboundTrafficMetrics,0,0,1,128568,41,128568,41,0,0,0,0
OutboundTrafficMetrics,1,17,8,57616,33,57480,33,0,0,0,0
InboundTrafficMetrics,0,0,1,127984,41,127984,41,0,0,0,0
OutboundTrafficMetrics,0,0,3,144568,99,144568,99,0,0,0,0
InboundTrafficMetrics,0,0,4,1811120,208,1811120,208,0,0,0,0
OutboundTrafficMetrics,0,0,3,144568,99,144568,99,0,0,0,0
InboundTrafficMetrics,0,0,4,1810832,208,1810832,208,0,0,0,0
OutboundTrafficMetrics,1,83,2,135248,44,134584,43,0,0,0,0
InboundTrafficMetrics,0,0,3,314240,72,314240,72,0,0,0,0
OutboundTrafficMetrics,1,83,2,135248,44,134584,43,0,0,0,0
InboundTrafficMetrics,0,0,3,313880,71,313880,71,0,0,0,0
OutboundTrafficMetrics,8,61,6,25400,15,24912,14,0,0,0,0
InboundTrafficMetrics,0,0,1,25536,13,25536,13,0,0,0,0
OutboundTrafficMetrics,8,61,6,25400,15,24912,14,0,0,0,0
InboundTrafficMetrics,0,0,1,24952,13,24952,13,0,0,0,0
OutboundTrafficMetrics,0,0,2,14064,8,14064,8,0,0,0,0
InboundTrafficMetrics,0,0,4,11448,8,11448,8,0,0,0,0
OutboundTrafficMetrics,0,0,2,14064,8,14064,8,0,0,0,0
InboundTrafficMetrics,0,0,4,10872,8,10872,8,0,0,0,0
OutboundTrafficMetrics,2,14,4,47032,18,46912,18,0,0,0,0
InboundTrafficMetrics,0,0,9,65968,19,65968,19,0,0,0,0
OutboundTrafficMetrics,2,14,4,47032,18,46912,18,0,0,0,0
InboundTrafficMetrics,0,0,9,65680,18,65680,18,0,0,0,0
OutboundTrafficMetrics,0,0,10,188040,107,188040,107,0,0,0,0
InboundTrafficMetrics,0,0,13,910856,150,910856,150,0,0,0,0
OutboundTrafficMetrics,0,0,10,188040,107,188040,107,0,0,0,0
InboundTrafficMetrics,0,0,13,910144,150,910144,150,0,0,0,0
OutboundTrafficMetrics,1,1649,2,79368,53,66168,51,0,0,0,0
InboundTrafficMetrics,0,0,4,310328,56,310328,56,0,0,0,0
OutboundTrafficMetrics,1,1649,2,79368,53,66168,51,0,0,0,0
InboundTrafficMetrics,0,0,4,309904,55,309904,55,0,0,0,0
OutboundTrafficMetrics,5,158,6,209792,89,208520,88,0,0,0,0
InboundTrafficMetrics,0,0,8,407568,89,407568,89,0,0,0,0
OutboundTrafficMetrics,5,158,6,209792,89,208520,88,0,0,0,0
InboundTrafficMetrics,0,0,8,407280,88,407280,88,0,0,0,0
OutboundTrafficMetrics,0,0,3,23208,18,23208,18,0,0,0,0
InboundTrafficMetrics,0,0,5,96944,20,96944,20,0,0,0,0
OutboundTrafficMetrics,0,0,3,23208,18,23208,18,0,0,0,0
InboundTrafficMetrics,0,0,5,96368,20,96368,20,0,0,0,0
OutboundTrafficMetrics,0,0,1,69168,43,69168,43,0,0,0,0
InboundTrafficMetrics,0,0,2,211760,48,211760,48,0,0,0,0
OutboundTrafficMetrics,0,0,1,69168,43,69168,43,0,0,0,0
InboundTrafficMetrics,0,0,2,211464,48,211464,48,0,0,0,0
OutboundTrafficMetrics,1,511,1,50184,31,46096,29,0,0,0,0
InboundTrafficMetrics,0,0,1,87424,32,87424,32,0,0,0,0
OutboundTrafficMetrics,1,511,1,50184,31,46096,29,0,0,0,0
InboundTrafficMetrics,0,0,1,86728,32,86728,32,0,0,0,0
OutboundTrafficMetrics,2,1509,1,53728,28,41648,26,0,0,0,0
InboundTrafficMetrics,0,0,1,76304,23,76304,23,0,0,0,0
OutboundTrafficMetrics,2,1509,1,53728,28,41648,26,0,0,0,0
InboundTrafficMetrics,0,0,1,76016,23,76016,23,0,0,0,0
OutboundTrafficMetrics,1,943,1,48752,44,41208,42,0,0,0,0
InboundTrafficMetrics,0,0,2,263888,52,263888,52,0,0,0,0
OutboundTrafficMetrics,1,943,1,48752,44,41208,42,0,0,0,0
InboundTrafficMetrics,0,0,2,263600,52,263600,52,0,0,0,0
OutboundTrafficMetrics,2,753,1,63160,37,57136,35,0,0,0,0
InboundTrafficMetrics,0,0,1,132936,35,132936,35,0,0,0,0
OutboundTrafficMetrics,2,753,1,63160,37,57136,35,0,0,0,0
InboundTrafficMetrics,0,0,1,132352,35,132352,35,0,0,0,0
OutboundTrafficMetrics,1,697,1,39400,31,33824,30,0,0,0,0
InboundTrafficMetrics,0,0,1,101128,33,101128,33,0,0,0,0
OutboundTrafficMetrics,1,697,1,39400,31,33824,30,0,0,0,0
InboundTrafficMetrics,0,0,1,100832,32,100832,32,0,0,0,0
OutboundTrafficMetrics,0,0,9,70256,48,70256,48,0,0,0,0
InboundTrafficMetrics,0,0,1,625416,96,625416,96,0,0,0,0
OutboundTrafficMetrics,0,0,9,70256,48,70256,48,0,0,0,0
InboundTrafficMetrics,0,0,1,624832,96,624832,96,0,0,0,0
OutboundTrafficMetrics,0,0,1,43592,31,43592,31,0,0,0,0
InboundTrafficMetrics,0,0,1,124912,34,124912,34,0,0,0,0
OutboundTrafficMetrics,0,0,1,43592,31,43592,31,0,0,0,0
InboundTrafficMetrics,0,0,1,124616,34,124616,34,0,0,0,0
OutboundTrafficMetrics,0,0,6,47472,53,47472,53,0,0,0,0
InboundTrafficMetrics,0,0,1,740592,80,740592,80,0,0,0,0
OutboundTrafficMetrics,0,0,6,47472,53,47472,53,0,0,0,0
InboundTrafficMetrics,0,0,1,740008,79,740008,79,0,0,0,0
OutboundTrafficMetrics,6,574,1,80416,77,75824,77,0,0,0,0
InboundTrafficMetrics,0,0,1,755000,93,755000,93,0,0,0,0
OutboundTrafficMetrics,6,574,1,80416,77,75824,77,0,0,0,0
InboundTrafficMetrics,0,0,1,754712,93,754712,93,0,0,0,0
OutboundTrafficMetrics,2,1499,7,101656,41,89656,38,0,0,0,0
InboundTrafficMetrics,0,0,1,85984,36,85984,36,0,0,0,0
OutboundTrafficMetrics,2,1499,7,101656,41,89656,38,0,0,0,0
InboundTrafficMetrics,0,0,1,85688,36,85688,36,0,0,0,0
OutboundTrafficMetrics,9,797,8,43584,28,37208,27,0,0,0,0
InboundTrafficMetrics,0,0,1,57608,27,57608,27,0,0,0,0
OutboundTrafficMetrics,9,797,8,43584,28,37208,27,0,0,0,0
InboundTrafficMetrics,0,0,1,57032,27,57032,27,0,0,0,0
OutboundTrafficMetrics,0,0,9,72152,51,72152,51,0,0,0,0
InboundTrafficMetrics,0,0,1,596520,92,596520,92,0,0,0,0
OutboundTrafficMetrics,0,0,9,72152,51,72152,51,0,0,0,0
InboundTrafficMetrics,0,0,1,596232,92,596232,92,0,0,0,0
OutboundTrafficMetrics,0,0,2,11384,12,11384,12,0,0,0,0
InboundTrafficMetrics,0,0,3,37728,12,37728,12,0,0,0,0
OutboundTrafficMetrics,0,0,2,11384,12,11384,12,0,0,0,0
InboundTrafficMetrics,0,0,3,37032,11,37032,11,0,0,0,0
OutboundTrafficMetrics,1,17,8,50168,32,50024,32,0,0,0,0
InboundTrafficMetrics,0,0,9,108464,33,108464,33,0,0,0,0
OutboundTrafficMetrics,1,17,8,50168,32,50024,32,0,0,0,0
InboundTrafficMetrics,0,0,9,108168,33,108168,33,0,0,0,0
OutboundTrafficMetrics,0,0,2,52864,30,52864,30,0,0,0,0
InboundTrafficMetrics,0,0,2,118336,32,118336,32,0,0,0,0
OutboundTrafficMetrics,0,0,2,52864,30,52864,30,0,0,0,0
InboundTrafficMetrics,0,0,2,117752,31,117752,31,0,0,0,0
OutboundTrafficMetrics,0,0,2,104184,49,104184,49,0,0,0,0
InboundTrafficMetrics,0,0,2,229016,47,229016,47,0,0,0,0
OutboundTrafficMetrics,0,0,2,104184,49,104184,49,0,0,0,0
InboundTrafficMetrics,0,0,2,228720,47,228720,47,0,0,0,0
OutboundTrafficMetrics,0,0,5,14520,13,14520,13,0,0,0,0
InboundTrafficMetrics,0,0,6,29016,13,29016,13,0,0,0,0
OutboundTrafficMetrics,0,0,5,14520,13,14520,13,0,0,0,0
InboundTrafficMetrics,0,0,6,28432,13,28432,13,0,0,0,0
OutboundTrafficMetrics,0,0,1,60128,36,60128,36,0,0,0,0
InboundTrafficMetrics,0,0,2,115744,38,115744,38,0,0,0,0
OutboundTrafficMetrics,0,0,1,60128,36,60128,36,0,0,0,0
InboundTrafficMetrics,0,0,2,115456,38,115456,38,0,0,0,0
OutboundTrafficMetrics,0,0,5,34888,26,34888,26,0,0,0,0
InboundTrafficMetrics,0,0,8,64960,28,64960,28,0,0,0,0
OutboundTrafficMetrics,0,0,5,34888,26,34888,26,0,0,0,0
InboundTrafficMetrics,0,0,8,64384,27,64384,27,0,0,0,0
OutboundTrafficMetrics,0,0,1,27400,21,27400,21,0,0,0,0
InboundTrafficMetrics,0,0,1,71944,22,71944,22,0,0,0,0
OutboundTrafficMetrics,0,0,1,27400,21,27400,21,0,0,0,0
InboundTrafficMetrics,0,0,1,71648,22,71648,22,0,0,0,0
OutboundTrafficMetrics,3,273,4,70032,40,67848,36,0,0,0,0
InboundTrafficMetrics,0,0,6,102896,37,102896,37,0,0,0,0
OutboundTrafficMetrics,3,273,4,70032,40,67848,36,0,0,0,0
InboundTrafficMetrics,0,0,6,102320,36,102320,36,0,0,0,0
OutboundTrafficMetrics,5,2606,2,122232,44,101376,38,0,0,0,0
InboundTrafficMetrics,0,0,4,96776,31,96776,31,0,0,0,0
OutboundTrafficMetrics,5,2606,2,122232,44,101376,38,0,0,0,0
InboundTrafficMetrics,0,0,4,96488,31,96488,31,0,0,0,0
OutboundTrafficMetrics,1,369,9,119656,36,116704,34,0,0,0,0
InboundTrafficMetrics,0,0,1,127664,37,127664,37,0,0,0,0
OutboundTrafficMetrics,1,369,9,119656,36,116704,34,0,0,0,0
InboundTrafficMetrics,0,0,1,127304,37,127304,37,0,0,0,0
OutboundTrafficMetrics,5,37,8,182056,46,181760,46,0,0,0,0
InboundTrafficMetrics,0,0,1,122688,41,122688,41,0,0,0,0
OutboundTrafficMetrics,5,37,8,182056,46,181760,46,0,0,0,0
InboundTrafficMetrics,0,0,1,122104,41,122104,41,0,0,0,0
OutboundTrafficMetrics,1,7,7,55544,24,55480,24,0,0,0,0
InboundTrafficMetrics,0,0,1,105104,25,105104,25,0,0,0,0
OutboundTrafficMetrics,1,7,7,55544,24,55480,24,0,0,0,0
InboundTrafficMetrics,0,0,1,104808,25,104808,25,0,0,0,0
OutboundTrafficMetrics,1,17,2,87536,80,87400,80,0,0,0,0
InboundTrafficMetrics,0,0,2,1163168,131,1163168,131,0,0,0,0
OutboundTrafficMetrics,1,17,2,87536,80,87400,80,0,0,0,0
InboundTrafficMetrics,0,0,2,1162472,131,1162472,131,0,0,0,0
OutboundTrafficMetrics,0,0,5,25992,22,25992,22,0,0,0,0
InboundTrafficMetrics,0,0,6,46224,23,46224,23,0,0,0,0
OutboundTrafficMetrics,0,0,5,25992,22,25992,22,0,0,0,0
InboundTrafficMetrics,0,0,6,45936,23,45936,23,0,0,0,0
OutboundTrafficMetrics,0,0,1,84016,38,84016,38,0,0,0,0
InboundTrafficMetrics,0,0,1,108840,41,108840,41,0,0,0,0
OutboundTrafficMetrics,0,0,1,84016,38,84016,38,0,0,0,0
InboundTrafficMetrics,0,0,1,108552,41,108552,41,0,0,0,0
OutboundTrafficMetrics,0,0,2,245672,72,245672,72,0,0,0,0
InboundTrafficMetrics,0,0,3,316264,75,316264,75,0,0,0,0
OutboundTrafficMetrics,0,0,2,245672,72,245672,72,0,0,0,0
InboundTrafficMetrics,0,0,3,315680,75,315680,75,0,0,0,0
OutboundTrafficMetrics,0,0,8,44712,28,44712,28,0,0,0,0
InboundTrafficMetrics,0,0,9,199416,31,199416,31,0,0,0,0
OutboundTrafficMetrics,0,0,8,44712,28,44712,28,0,0,0,0
InboundTrafficMetrics,0,0,9,199128,31,199128,31,0,0,0,0
OutboundTrafficMetrics,0,0,2,27872,19,27872,19,0,0,0,0
InboundTrafficMetrics,0,0,3,34568,20,34568,20,0,0,0,0
OutboundTrafficMetrics,0,0,2,27872,19,27872,19,0,0,0,0
InboundTrafficMetrics,0,0,3,33984,20,33984,20,0,0,0,0
OutboundTrafficMetrics,0,0,1,28792,25,28792,25,0,0,0,0
InboundTrafficMetrics,0,0,1,77624,30,77624,30,0,0,0,0
OutboundTrafficMetrics,0,0,1,28792,25,28792,25,0,0,0,0
InboundTrafficMetrics,0,0,1,77328,30,77328,30,0,0,0,0
OutboundTrafficMetrics,1,144,3,34280,31,33128,29,0,0,0,0
InboundTrafficMetrics,0,0,4,102752,34,102752,34,0,0,0,0
OutboundTrafficMetrics,1,144,3,34280,31,33128,29,0,0,0,0
InboundTrafficMetrics,0,0,4,102168,34,102168,34,0,0,0,0
OutboundTrafficMetrics,4,31,1,35240,26,34992,25,0,0,0,0
InboundTrafficMetrics,0,0,2,54136,27,54136,27,0,0,0,0
OutboundTrafficMetrics,4,31,1,35184,26,34936,25,0,0,0,0
InboundTrafficMetrics,0,0,2,53776,27,53776,27,0,0,0,0
OutboundTrafficMetrics,0,0,2,33784,31,33784,31,0,0,0,0
InboundTrafficMetrics,0,0,3,92552,34,92552,34,0,0,0,0
OutboundTrafficMetrics,0,0,2,33784,31,33784,31,0,0,0,0
InboundTrafficMetrics,0,0,3,92056,33,92056,33,0,0,0,0
OutboundTrafficMetrics,2,1420,1,43696,26,32336,24,0,0,0,0
InboundTrafficMetrics,0,0,1,44272,25,44272,25,0,0,0,0
OutboundTrafficMetrics,2,1420,1,43696,26,32336,24,0,0,0,0
InboundTrafficMetrics,0,0,1,43696,24,43696,24,0,0,0,0
OutboundTrafficMetrics,7,417,8,32648,19,29312,18,0,0,0,0
InboundTrafficMetrics,0,0,1,51208,18,51208,18,0,0,0,0
OutboundTrafficMetrics,7,417,8,32648,19,29312,18,0,0,0,0
InboundTrafficMetrics,0,0,1,50920,18,50920,18,0,0,0,0
OutboundTrafficMetrics,2,26,9,38760,23,38552,23,0,0,0,0
InboundTrafficMetrics,0,0,1,84224,23,84224,23,0,0,0,0
OutboundTrafficMetrics,2,26,9,38760,23,38552,23,0,0,0,0
InboundTrafficMetrics,0,0,1,83520,22,83520,22,0,0,0,0
OutboundTrafficMetrics,1,118,1,42656,34,41712,32,0,0,0,0
InboundTrafficMetrics,0,0,3,113616,36,113616,36,0,0,0,0
OutboundTrafficMetrics,1,118,1,42656,34,41712,32,0,0,0,0
InboundTrafficMetrics,0,0,3,113328,36,113328,36,0,0,0,0
OutboundTrafficMetrics,0,0,8,38568,34,38568,34,0,0,0,0
InboundTrafficMetrics,0,0,1,97768,35,97768,35,0,0,0,0
OutboundTrafficMetrics,0,0,8,38568,34,38568,34,0,0,0,0
InboundTrafficMetrics,0,0,1,97184,34,97184,34,0,0,0,0
OutboundTrafficMetrics,0,0,1,34888,25,34888,25,0,0,0,0
InboundTrafficMetrics,0,0,1,60952,25,60952,25,0,0,0,0
OutboundTrafficMetrics,0,0,1,34888,25,34888,25,0,0,0,0
InboundTrafficMetrics,0,0,1,60664,25,60664,25,0,0,0,0
OutboundTrafficMetrics,2,163,1,26136,20,24824,18,0,0,0,0
InboundTrafficMetrics,0,0,1,63712,18,63712,18,0,0,0,0
OutboundTrafficMetrics,2,163,1,26136,20,24824,18,0,0,0,0
InboundTrafficMetrics,0,0,1,63424,18,63424,18,0,0,0,0
OutboundTrafficMetrics,4,318,1,21536,23,18992,19,0,0,0,0
InboundTrafficMetrics,0,0,2,66096,22,66096,22,0,0,0,0
OutboundTrafficMetrics,4,318,1,21536,23,18992,19,0,0,0,0
InboundTrafficMetrics,0,0,2,65512,22,65512,22,0,0,0,0
OutboundTrafficMetrics,3,304,3,27984,26,25552,22,0,0,0,0
InboundTrafficMetrics,0,0,4,70920,25,70920,25,0,0,0,0
OutboundTrafficMetrics,3,304,3,27984,26,25552,22,0,0,0,0
InboundTrafficMetrics,0,0,4,70632,25,70632,25,0,0,0,0
OutboundTrafficMetrics,9,70,7,37344,27,36784,26,0,0,0,0
InboundTrafficMetrics,0,0,1,61240,27,61240,27,0,0,0,0
OutboundTrafficMetrics,9,70,7,37344,27,36784,26,0,0,0,0
InboundTrafficMetrics,0,0,1,60656,27,60656,27,0,0,0,0
OutboundTrafficMetrics,0,0,8,36296,21,36296,21,0,0,0,0
InboundTrafficMetrics,0,0,1,48128,19,48128,19,0,0,0,0
OutboundTrafficMetrics,0,0,8,36296,21,36296,21,0,0,0,0
InboundTrafficMetrics,0,0,1,47840,19,47840,19,0,0,0,0
OutboundTrafficMetrics,0,0,3,41656,29,41656,29,0,0,0,0
InboundTrafficMetrics,0,0,3,95928,29,95928,29,0,0,0,0
OutboundTrafficMetrics,0,0,3,41656,29,41656,29,0,0,0,0
InboundTrafficMetrics,0,0,3,95568,29,95568,29,0,0,0,0
OutboundTrafficMetrics,0,0,1,25520,17,25520,17,0,0,0,0
InboundTrafficMetrics,0,0,1,43096,17,43096,17,0,0,0,0
OutboundTrafficMetrics,0,0,1,25520,17,25520,17,0,0,0,0
InboundTrafficMetrics,0,0,1,42512,17,42512,17,0,0,0,0
OutboundTrafficMetrics,2,18,5,14416,13,14272,13,0,0,0,0
InboundTrafficMetrics,0,0,5,47352,13,47352,13,0,0,0,0
OutboundTrafficMetrics,2,18,5,14416,13,14272,13,0,0,0,0
InboundTrafficMetrics,0,0,5,47064,13,47064,13,0,0,0,0
OutboundTrafficMetrics,1,17,1,29632,24,29488,23,0,0,0,0
InboundTrafficMetrics,0,0,1,60712,26,60712,26,0,0,0,0
OutboundTrafficMetrics,1,17,1,29632,24,29488,23,0,0,0,0
InboundTrafficMetrics,0,0,1,60128,26,60128,26,0,0,0,0
OutboundTrafficMetrics,0,0,5,49456,30,49456,30,0,0,0,0
InboundTrafficMetrics,0,0,8,69832,30,69832,30,0,0,0,0
OutboundTrafficMetrics,0,0,5,49456,30,49456,30,0,0,0,0
InboundTrafficMetrics,0,0,8,69424,30,69424,30,0,0,0,0
OutboundTrafficMetrics,0,0,7,23904,18,23904,18,0,0,0,0
InboundTrafficMetrics,0,0,8,45304,18,45304,18,0,0,0,0
OutboundTrafficMetrics,0,0,7,23904,18,23904,18,0,0,0,0
InboundTrafficMetrics,0,0,8,44720,18,44720,18,0,0,0,0
OutboundTrafficMetrics,0,0,2,36576,24,36576,24,0,0,0,0
InboundTrafficMetrics,1,6,1,74680,23,74632,23,0,0,0,0
OutboundTrafficMetrics,0,0,2,36576,24,36576,24,0,0,0,0
InboundTrafficMetrics,1,6,1,74392,23,74344,23,0,0,0,0
OutboundTrafficMetrics,0,0,1,70384,26,70384,26,0,0,0,0
InboundTrafficMetrics,0,0,1,58992,24,58992,24,0,0,0,0
OutboundTrafficMetrics,0,0,1,70384,26,70384,26,0,0,0,0
InboundTrafficMetrics,0,0,1,58696,24,58696,24,0,0,0,0
OutboundTrafficMetrics,0,0,1,41352,29,41352,29,0,0,0,0
InboundTrafficMetrics,0,0,1,191120,33,191120,33,0,0,0,0
OutboundTrafficMetrics,0,0,1,41352,29,41352,29,0,0,0,0
InboundTrafficMetrics,0,0,1,190544,33,190544,33,0,0,0,0
OutboundTrafficMetrics,1,785,1,31336,20,25056,19,0,0,0,0
InboundTrafficMetrics,0,0,1,64608,18,64608,18,0,0,0,0
OutboundTrafficMetrics,1,785,1,31336,20,25056,19,0,0,0,0
InboundTrafficMetrics,0,0,1,64320,18,64320,18,0,0,0,0
OutboundTrafficMetrics,4,2018,6,30904,23,14760,19,0,0,0,0
InboundTrafficMetrics,1,45,6,36864,19,36504,19,0,0,0,0
OutboundTrafficMetrics,4,2018,6,30904,23,14760,19,0,0,0,0
InboundTrafficMetrics,1,45,6,36280,19,35920,18,0,0,0,0
OutboundTrafficMetrics,3,2458,7,49352,32,29680,28,0,0,0,0
InboundTrafficMetrics,0,0,9,51312,26,51312,26,0,0,0,0
OutboundTrafficMetrics,3,2458,7,49352,32,29680,28,0,0,0,0
InboundTrafficMetrics,0,0,9,51024,26,51024,26,0,0,0,0
OutboundTrafficMetrics,2,1661,1,25384,15,12088,12,0,0,0,0
InboundTrafficMetrics,0,0,2,39592,13,39592,13,0,0,0,0
OutboundTrafficMetrics,2,1661,1,25384,15,12088,12,0,0,0,0
InboundTrafficMetrics,0,0,2,39016,13,39016,13,0,0,0,0
OutboundTrafficMetrics,2,1129,4,44368,27,35336,25,0,0,0,0
InboundTrafficMetrics,0,0,8,76192,27,76192,27,0,0,0,0
OutboundTrafficMetrics,2,1129,4,44368,27,35336,25,0,0,0,0
InboundTrafficMetrics,0,0,8,75896,27,75896,27,0,0,0,0
OutboundTrafficMetrics,4,273,5,29768,27,27584,27,0,0,0,0
InboundTrafficMetrics,0,0,7,65040,28,65040,28,0,0,0,0
OutboundTrafficMetrics,4,273,5,29768,27,27584,27,0,0,0,0
InboundTrafficMetrics,0,0,7,64752,28,64752,28,0,0,0,0
OutboundTrafficMetrics,1,1009,5,52968,41,44888,40,0,0,0,0
InboundTrafficMetrics,0,0,6,166072,45,166072,45,0,0,0,0
OutboundTrafficMetrics,1,1009,5,52968,41,44888,40,0,0,0,0
InboundTrafficMetrics,0,0,6,165496,45,165496,45,0,0,0,0
OutboundTrafficMetrics,3,2334,1,70144,30,51472,26,0,0,0,0
InboundTrafficMetrics,0,0,2,69192,28,69192,28,0,0,0,0
OutboundTrafficMetrics,3,2334,1,70144,30,51472,26,0,0,0,0
InboundTrafficMetrics,0,0,2,68792,28,68792,28,0,0,0,0
OutboundTrafficMetrics,2,1626,1,66928,29,53920,26,0,0,0,0
InboundTrafficMetrics,0,0,1,81448,27,81448,27,0,0,0,0
OutboundTrafficMetrics,2,1626,1,66928,29,53920,26,0,0,0,0
InboundTrafficMetrics,0,0,1,80864,27,80864,27,0,0,0,0
OutboundTrafficMetrics,1,1092,1,34096,27,25352,25,0,0,0,0
InboundTrafficMetrics,0,0,1,183864,33,183864,33,0,0,0,0
OutboundTrafficMetrics,1,1092,1,34096,27,25352,25,0,0,0,0
InboundTrafficMetrics,0,0,1,183576,33,183576,33,0,0,0,0
OutboundTrafficMetrics,1,843,3,151336,70,144592,68,0,0,0,0
InboundTrafficMetrics,0,0,3,728712,107,728712,107,0,0,0,0
OutboundTrafficMetrics,1,843,3,151336,70,144592,68,0,0,0,0
InboundTrafficMetrics,0,0,3,728128,106,728128,106,0,0,0,0
OutboundTrafficMetrics,1,834,1,114448,89,107768,88,0,0,0,0
InboundTrafficMetrics,0,0,3,1433992,163,1433992,163,0,0,0,0
OutboundTrafficMetrics,1,834,1,114448,89,107768,88,0,0,0,0
InboundTrafficMetrics,0,0,3,1433704,163,1433704,163,0,0,0,0
OutboundTrafficMetrics,0,0,2,188600,68,188600,68,0,0,0,0
InboundTrafficMetrics,0,0,4,327896,78,327896,78,0,0,0,0
OutboundTrafficMetrics,0,0,2,188600,68,188600,68,0,0,0,0
InboundTrafficMetrics,0,0,4,327608,78,327608,78,0,0,0,0
OutboundTrafficMetrics,1,561,1,147888,42,143400,41,0,0,0,0
InboundTrafficMetrics,0,0,2,113112,40,113112,40,0,0,0,0
OutboundTrafficMetrics,1,561,1,147888,42,143400,41,0,0,0,0
InboundTrafficMetrics,0,0,2,112528,40,112528,40,0,0,0,0
OutboundTrafficMetrics,0,0,1,79544,26,79544,26,0,0,0,0
InboundTrafficMetrics,0,0,1,95104,25,95104,25,0,0,0,0
OutboundTrafficMetrics,0,0,1,79544,26,79544,26,0,0,0,0
InboundTrafficMetrics,0,0,1,94808,25,94808,25,0,0,0,0
OutboundTrafficMetrics,0,0,3,104584,30,104584,30,0,0,0,0
InboundTrafficMetrics,0,0,4,74768,33,74768,33,0,0,0,0
OutboundTrafficMetrics,0,0,3,104584,30,104584,30,0,0,0,0
InboundTrafficMetrics,0,0,4,74184,32,74184,32,0,0,0,0
OutboundTrafficMetrics,0,0,8,155096,57,155096,57,0,0,0,0
InboundTrafficMetrics,0,0,1,452328,68,452328,68,0,0,0,0
OutboundTrafficMetrics,0,0,8,155096,57,155096,57,0,0,0,0
InboundTrafficMetrics,0,0,1,452040,68,452040,68,0,0,0,0
OutboundTrafficMetrics,0,0,3,20384,14,20384,14,0,0,0,0
InboundTrafficMetrics,0,0,7,30568,14,30568,14,0,0,0,0
OutboundTrafficMetrics,0,0,3,20384,14,20384,14,0,0,0,0
InboundTrafficMetrics,0,0,7,30280,14,30280,14,0,0,0,0
OutboundTrafficMetrics,1,17,8,87616,27,87480,27,0,0,0,0
InboundTrafficMetrics,0,0,9,92672,28,92672,28,0,0,0,0
OutboundTrafficMetrics,1,17,8,87616,27,87480,27,0,0,0,0
InboundTrafficMetrics,0,0,9,92088,28,92088,28,0,0,0,0
OutboundTrafficMetrics,0,0,5,45384,22,45384,22,0,0,0,0
InboundTrafficMetrics,0,0,1,114536,24,114536,24,0,0,0,0
OutboundTrafficMetrics,0,0,5,45384,22,45384,22,0,0,0,0
InboundTrafficMetrics,0,0,1,114240,24,114240,24,0,0,0,0
OutboundTrafficMetrics,0,0,3,29208,17,29208,17,0,0,0,0
InboundTrafficMetrics,0,0,5,48576,15,48576,15,0,0,0,0
OutboundTrafficMetrics,0,0,3,29208,17,29208,17,0,0,0,0
InboundTrafficMetrics,0,0,5,47872,14,47872,14,0,0,0,0
OutboundTrafficMetrics,2,18,4,10144,8,10000,8,0,0,0,0
InboundTrafficMetrics,0,0,5,13288,7,13288,7,0,0,0,0
OutboundTrafficMetrics,2,18,4,10144,8,10000,8,0,0,0,0
InboundTrafficMetrics,0,0,5,12992,7,12992,7,0,0,0,0
OutboundTrafficMetrics,1,9,2,50432,22,50360,22,0,0,0,0
InboundTrafficMetrics,1,6,3,86832,24,86784,23,0,0,0,0
OutboundTrafficMetrics,1,9,2,50432,22,50360,22,0,0,0,0
InboundTrafficMetrics,1,6,3,86248,23,86200,23,0,0,0,0
OutboundTrafficMetrics,1,9,2,29792,20,29720,20,0,0,0,0
InboundTrafficMetrics,0,0,2,51784,22,51784,22,0,0,0,0
OutboundTrafficMetrics,1,9,2,29792,20,29720,20,0,0,0,0
InboundTrafficMetrics,0,0,2,51496,22,51496,22,0,0,0,0
OutboundTrafficMetrics,1,9,2,14712,11,14640,11,0,0,0,0
InboundTrafficMetrics,0,0,5,27080,11,27080,11,0,0,0,0
OutboundTrafficMetrics,1,9,2,14712,11,14640,11,0,0,0,0
InboundTrafficMetrics,0,0,5,26792,11,26792,11,0,0,0,0
OutboundTrafficMetrics,2,18,5,13400,9,13256,9,0,0,0,0
InboundTrafficMetrics,0,0,7,26248,9,26248,9,0,0,0,0
OutboundTrafficMetrics,2,18,5,13400,9,13256,9,0,0,0,0
InboundTrafficMetrics,0,0,7,25664,9,25664,9,0,0,0,0
OutboundTrafficMetrics,0,0,4,62848,19,62848,19,0,0,0,0
InboundTrafficMetrics,0,0,1,50640,18,50640,18,0,0,0,0
OutboundTrafficMetrics,0,0,4,62848,19,62848,19,0,0,0,0
InboundTrafficMetrics,0,0,1,50352,18,50352,18,0,0,0,0
OutboundTrafficMetrics,0,0,4,18864,10,18864,10,0,0,0,0
InboundTrafficMetrics,0,0,3,30160,9,30160,9,0,0,0,0
OutboundTrafficMetrics,0,0,4,18864,10,18864,10,0,0,0,0
InboundTrafficMetrics,0,0,3,29576,9,29576,9,0,0,0,0
OutboundTrafficMetrics,0,0,8,96568,23,96568,23,0,0,0,0
InboundTrafficMetrics,0,0,1,83888,26,83888,26,0,0,0,0
OutboundTrafficMetrics,0,0,8,96568,23,96568,23,0,0,0,0
InboundTrafficMetrics,0,0,1,83592,25,83592,25,0,0,0,0
OutboundTrafficMetrics,0,0,2,70352,36,70352,36,0,0,0,0
InboundTrafficMetrics,0,0,3,376360,49,376360,49,0,0,0,0
OutboundTrafficMetrics,0,0,2,70352,36,70352,36,0,0,0,0
InboundTrafficMetrics,0,0,3,375776,48,375776,48,0,0,0,0
OutboundTrafficMetrics,2,26,8,70608,19,70400,18,0,0,0,0
InboundTrafficMetrics,0,0,9,57664,18,57664,18,0,0,0,0
OutboundTrafficMetrics,2,26,8,70608,19,70400,18,0,0,0,0
InboundTrafficMetrics,0,0,9,57368,18,57368,18,0,0,0,0
OutboundTrafficMetrics,0,0,2,27208,14,27208,14,0,0,0,0
InboundTrafficMetrics,0,0,2,40120,13,40120,13,0,0,0,0
OutboundTrafficMetrics,0,0,2,27208,14,27208,14,0,0,0,0
InboundTrafficMetrics,0,0,2,39824,13,39824,13,0,0,0,0
OutboundTrafficMetrics,0,0,1,127768,199,127768,199,0,0,0,0
InboundTrafficMetrics,0,0,1,10549816,989,10549816,989,0,0,0,0
OutboundTrafficMetrics,0,0,1,127768,199,127768,199,0,0,0,0
InboundTrafficMetrics,0,0,1,10549232,989,10549232,989,0,0,0,0
OutboundTrafficMetrics,8,60,1,224440,281,223960,281,0,0,0,0
InboundTrafficMetrics,0,0,2,10717416,1017,10717416,1017,0,0,0,0
OutboundTrafficMetrics,8,60,1,224440,281,223960,281,0,0,0,0
InboundTrafficMetrics,0,0,2,10717008,1017,10717008,1017,0,0,0,0
OutboundTrafficMetrics,5,37,1,216600,336,216304,336,0,0,0,0
InboundTrafficMetrics,0,0,1,14760672,1383,14760672,1383,0,0,0,0
OutboundTrafficMetrics,5,37,1,216600,336,216304,336,0,0,0,0
InboundTrafficMetrics,0,0,1,14760096,1383,14760096,1383,0,0,0,0
OutboundTrafficMetrics,3,22,2,34664,15,34488,14,0,0,0,0
InboundTrafficMetrics,0,0,3,60440,15,60440,15,0,0,0,0
OutboundTrafficMetrics,3,22,2,34664,15,34488,14,0,0,0,0
InboundTrafficMetrics,0,0,3,60152,15,60152,15,0,0,0,0
OutboundTrafficMetrics,3,22,4,23096,12,22920,12,0,0,0,0
InboundTrafficMetrics,0,0,7,18152,12,18152,12,0,0,0,0
OutboundTrafficMetrics,3,22,4,23096,12,22920,12,0,0,0,0
InboundTrafficMetrics,0,0,7,17856,12,17856,12,0,0,0,0
OutboundTrafficMetrics,0,0,3,7976,6,7976,6,0,0,0,0
InboundTrafficMetrics,0,0,4,21824,7,21824,7,0,0,0,0
OutboundTrafficMetrics,0,0,3,7976,6,7976,6,0,0,0,0
InboundTrafficMetrics,0,0,4,21248,6,21248,6,0,0,0,0
OutboundTrafficMetrics,4,29,7,34568,18,34336,18,0,0,0,0
InboundTrafficMetrics,0,0,1,33800,13,33800,13,0,0,0,0
OutboundTrafficMetrics,4,29,7,34568,18,34336,18,0,0,0,0
InboundTrafficMetrics,0,0,1,33504,13,33504,13,0,0,0,0
OutboundTrafficMetrics,4,29,7,19184,13,18952,12,0,0,0,0
InboundTrafficMetrics,0,0,1,25800,12,25800,12,0,0,0,0
OutboundTrafficMetrics,4,29,7,19184,13,18952,12,0,0,0,0
InboundTrafficMetrics,0,0,1,25216,12,25216,12,0,0,0,0
OutboundTrafficMetrics,7,51,1,169064,277,168648,277,0,0,0,0
InboundTrafficMetrics,0,0,1,14846784,1382,14846784,1382,0,0,0,0
OutboundTrafficMetrics,7,51,1,169064,277,168648,277,0,0,0,0
InboundTrafficMetrics,0,0,1,14846496,1382,14846496,1382,0,0,0,0
OutboundTrafficMetrics,4,29,1,590552,1064,590320,1063,0,0,0,0
InboundTrafficMetrics,0,0,1,46718768,4324,46718768,4324,0,0,0,0
OutboundTrafficMetrics,4,29,1,590552,1064,590320,1063,0,0,0,0
InboundTrafficMetrics,0,0,1,46718184,4324,46718184,4324,0,0,0,0
OutboundTrafficMetrics,2,24,1,623272,1110,623080,1110,0,0,0,0
InboundTrafficMetrics,0,0,1,46421576,4297,46421576,4297,0,0,0,0
OutboundTrafficMetrics,2,24,1,623272,1110,623080,1110,0,0,0,0
InboundTrafficMetrics,0,0,1,46421288,4297,46421288,4297,0,0,0,0
OutboundTrafficMetrics,3,257,5,624632,1079,622576,1076,0,0,0,0
InboundTrafficMetrics,0,0,9,49928640,4638,49928640,4638,0,0,0,0
OutboundTrafficMetrics,3,257,5,624632,1079,622576,1076,0,0,0,0
InboundTrafficMetrics,0,0,9,49928344,4638,49928344,4638,0,0,0,0
OutboundTrafficMetrics,7,591,1,403984,662,399256,654,0,0,0,0
InboundTrafficMetrics,0,0,1,25041736,2340,25041736,2340,0,0,0,0
OutboundTrafficMetrics,7,591,1,403984,662,399256,654,0,0,0,0
InboundTrafficMetrics,0,0,1,25041160,2340,25041160,2340,0,0,0,0
OutboundTrafficMetrics,6,487,1,333488,572,329584,565,0,0,0,0
InboundTrafficMetrics,0,0,2,18467248,1722,18467248,1722,0,0,0,0
OutboundTrafficMetrics,6,487,1,333488,572,329584,565,0,0,0,0
InboundTrafficMetrics,0,0,2,18466848,1721,18466848,1721,0,0,0,0
OutboundTrafficMetrics,5,425,1,336512,530,333112,524,0,0,0,0
InboundTrafficMetrics,0,0,2,16805872,1568,16805872,1568,0,0,0,0
OutboundTrafficMetrics,5,425,1,336512,530,333112,524,0,0,0,0
InboundTrafficMetrics,0,0,2,16805224,1568,16805224,1568,0,0,0,0
OutboundTrafficMetrics,6,504,3,672784,1240,668752,1234,0,0,0,0
InboundTrafficMetrics,0,0,6,38625128,3574,38625128,3574,0,0,0,0
OutboundTrafficMetrics,6,504,3,672784,1240,668752,1234,0,0,0,0
InboundTrafficMetrics,0,0,6,38624840,3574,38624840,3574,0,0,0,0
OutboundTrafficMetrics,3,248,6,721168,1347,719176,1344,0,0,0,0
InboundTrafficMetrics,0,0,1,46297960,4281,46297960,4281,0,0,0,0
OutboundTrafficMetrics,3,248,6,721168,1347,719176,1344,0,0,0,0
InboundTrafficMetrics,0,0,1,46297376,4281,46297376,4281,0,0,0,0
OutboundTrafficMetrics,2,163,5,785176,1446,783872,1443,0,0,0,0
InboundTrafficMetrics,0,0,1,48864576,4523,48864576,4523,0,0,0,0
OutboundTrafficMetrics,2,163,5,785176,1446,783872,1443,0,0,0,0
InboundTrafficMetrics,0,0,1,48864288,4523,48864288,4523,0,0,0,0
OutboundTrafficMetrics,3,23,5,692032,1263,691848,1263,0,0,0,0
InboundTrafficMetrics,0,0,1,46244856,4279,46244856,4279,0,0,0,0
OutboundTrafficMetrics,3,23,5,692032,1263,691848,1263,0,0,0,0
InboundTrafficMetrics,0,0,1,46244560,4279,46244560,4279,0,0,0,0
OutboundTrafficMetrics,3,23,4,87240,129,87048,129,0,0,0,0
InboundTrafficMetrics,0,0,1,3995040,381,3995040,381,0,0,0,0
OutboundTrafficMetrics,3,23,4,87240,129,87048,129,0,0,0,0
InboundTrafficMetrics,0,0,1,3994456,381,3994456,381,0,0,0,0
OutboundTrafficMetrics,2,14,1,23864,13,23744,12,0,0,0,0
InboundTrafficMetrics,0,0,1,29512,12,29512,12,0,0,0,0
OutboundTrafficMetrics,2,14,1,23864,13,23744,12,0,0,0,0
InboundTrafficMetrics,0,0,1,29224,12,29224,12,0,0,0,0
OutboundTrafficMetrics,4,29,2,16656,12,16424,11,0,0,0,0
InboundTrafficMetrics,0,0,2,36048,11,36048,11,0,0,0,0
OutboundTrafficMetrics,4,29,2,16656,12,16424,11,0,0,0,0
InboundTrafficMetrics,0,0,2,35464,11,35464,11,0,0,0,0
OutboundTrafficMetrics,2,24,5,20600,10,20400,10,0,0,0,0
InboundTrafficMetrics,0,0,7,20760,8,20760,8,0,0,0,0
OutboundTrafficMetrics,2,24,5,20600,10,20400,10,0,0,0,0
InboundTrafficMetrics,0,0,7,20472,8,20472,8,0,0,0,0
OutboundTrafficMetrics,0,0,1,41704,47,41704,47,0,0,0,0
InboundTrafficMetrics,0,0,2,1472632,149,1472632,149,0,0,0,0
OutboundTrafficMetrics,0,0,1,41704,47,41704,47,0,0,0,0
InboundTrafficMetrics,0,0,2,1472344,149,1472344,149,0,0,0,0
OutboundTrafficMetrics,0,0,7,26232,17,26232,17,0,0,0,0
InboundTrafficMetrics,0,0,1,45504,16,45504,16,0,0,0,0
OutboundTrafficMetrics,0,0,7,26232,17,26232,17,0,0,0,0
InboundTrafficMetrics,0,0,1,44928,16,44928,16,0,0,0,0
OutboundTrafficMetrics,0,0,8,22744,14,22744,14,0,0,0,0
InboundTrafficMetrics,0,0,1,25792,14,25792,14,0,0,0,0
OutboundTrafficMetrics,0,0,8,22744,14,22744,14,0,0,0,0
InboundTrafficMetrics,0,0,1,25504,14,25504,14,0,0,0,0
OutboundTrafficMetrics,1,7,8,39456,16,39400,15,0,0,0,0
InboundTrafficMetrics,0,0,1,49408,16,49408,16,0,0,0,0
OutboundTrafficMetrics,1,7,8,39456,16,39400,15,0,0,0,0
InboundTrafficMetrics,0,0,1,48712,15,48712,15,0,0,0,0
OutboundTrafficMetrics,1,7,7,43888,20,43832,20,0,0,0,0
InboundTrafficMetrics,0,0,9,115736,22,115736,22,0,0,0,0
OutboundTrafficMetrics,1,7,7,43888,20,43832,20,0,0,0,0
InboundTrafficMetrics,0,0,9,115448,22,115448,22,0,0,0,0
OutboundTrafficMetrics,3,22,7,72192,27,72016,27,0,0,0,0
InboundTrafficMetrics,0,0,1,151176,34,151176,34,0,0,0,0
OutboundTrafficMetrics,3,22,7,72192,27,72016,27,0,0,0,0
InboundTrafficMetrics,0,0,1,150600,34,150600,34,0,0,0,0
OutboundTrafficMetrics,1,7,7,23744,12,23680,11,0,0,0,0
InboundTrafficMetrics,0,0,1,66992,15,66992,15,0,0,0,0
OutboundTrafficMetrics,1,7,7,23744,12,23680,11,0,0,0,0
InboundTrafficMetrics,0,0,1,66704,15,66704,15,0,0,0,0
OutboundTrafficMetrics,0,0,1,74200,40,74200,40,0,0,0,0
InboundTrafficMetrics,0,0,1,547080,75,547080,75,0,0,0,0
OutboundTrafficMetrics,0,0,1,74200,40,74200,40,0,0,0,0
InboundTrafficMetrics,0,0,1,546792,75,546792,75,0,0,0,0
OutboundTrafficMetrics,1,7,4,75896,52,75840,51,0,0,0,0
InboundTrafficMetrics,0,0,8,850616,109,850616,109,0,0,0,0
OutboundTrafficMetrics,1,7,4,75896,52,75840,51,0,0,0,0
InboundTrafficMetrics,0,0,8,850032,109,850032,109,0,0,0,0
OutboundTrafficMetrics,0,0,1,42464,15,42464,15,0,0,0,0
InboundTrafficMetrics,0,0,1,37800,13,37800,13,0,0,0,0
OutboundTrafficMetrics,0,0,1,42464,15,42464,15,0,0,0,0
InboundTrafficMetrics,0,0,1,37504,13,37504,13,0,0,0,0
OutboundTrafficMetrics,0,0,2,67096,17,67096,17,0,0,0,0
InboundTrafficMetrics,0,0,4,26448,20,26448,20,0,0,0,0
OutboundTrafficMetrics,0,0,2,67096,17,67096,17,0,0,0,0
InboundTrafficMetrics,0,0,4,25872,20,25872,20,0,0,0,0
OutboundTrafficMetrics,2,24,6,16408,10,16208,10,0,0,0,0
InboundTrafficMetrics,0,0,9,21720,9,21720,9,0,0,0,0
OutboundTrafficMetrics,2,24,6,16408,10,16208,10,0,0,0,0
InboundTrafficMetrics,0,0,9,21432,9,21432,9,0,0,0,0
OutboundTrafficMetrics,0,0,8,23384,15,23384,15,0,0,0,0
InboundTrafficMetrics,0,0,1,38832,16,38832,16,0,0,0,0
OutboundTrafficMetrics,0,0,8,23384,15,23384,15,0,0,0,0
InboundTrafficMetrics,0,0,1,38248,16,38248,16,0,0,0,0
OutboundTrafficMetrics,0,0,7,92152,26,92152,26,0,0,0,0
InboundTrafficMetrics,0,0,1,69424,28,69424,28,0,0,0,0
OutboundTrafficMetrics,0,0,7,92152,26,92152,26,0,0,0,0
InboundTrafficMetrics,0,0,1,69136,27,69136,27,0,0,0,0
OutboundTrafficMetrics,1,79,4,22952,18,22320,17,0,0,0,0
InboundTrafficMetrics,0,0,8,62736,20,62736,20,0,0,0,0
OutboundTrafficMetrics,1,79,4,22952,18,22320,17,0,0,0,0
InboundTrafficMetrics,0,0,8,62448,20,62448,20,0,0,0,0
OutboundTrafficMetrics,3,292,6,15424,12,13088,9,0,0,0,0
InboundTrafficMetrics,0,0,1,13696,9,13696,9,0,0,0,0
OutboundTrafficMetrics,3,292,6,15424,12,13088,9,0,0,0,0
InboundTrafficMetrics,0,0,1,13000,8,13000,8,0,0,0,0
OutboundTrafficMetrics,3,248,3,26632,16,24648,13,0,0,0,0
InboundTrafficMetrics,0,0,4,34560,12,34560,12,0,0,0,0
OutboundTrafficMetrics,3,248,3,26632,16,24648,13,0,0,0,0
InboundTrafficMetrics,0,0,4,34272,12,34272,12,0,0,0,0
OutboundTrafficMetrics,0,0,8,26216,14,26216,14,0,0,0,0
InboundTrafficMetrics,0,0,1,46440,15,46440,15,0,0,0,0
OutboundTrafficMetrics,0,0,8,26216,14,26216,14,0,0,0,0
InboundTrafficMetrics,0,0,1,45856,14,45856,14,0,0,0,0
OutboundTrafficMetrics,2,185,4,20000,11,18520,9,0,0,0,0
InboundTrafficMetrics,0,0,4,20928,8,20928,8,0,0,0,0
OutboundTrafficMetrics,2,185,4,20000,11,18520,9,0,0,0,0
InboundTrafficMetrics,0,0,4,20632,8,20632,8,0,0,0,0
OutboundTrafficMetrics,1,92,7,22624,14,21888,13,0,0,0,0
InboundTrafficMetrics,0,0,1,23768,11,23768,11,0,0,0,0
OutboundTrafficMetrics,1,92,7,22624,14,21888,13,0,0,0,0
InboundTrafficMetrics,0,0,1,23184,11,23184,11,0,0,0,0
OutboundTrafficMetrics,1,9,4,8352,7,8280,7,0,0,0,0
InboundTrafficMetrics,0,0,1,9424,7,9424,7,0,0,0,0
OutboundTrafficMetrics,1,9,4,8352,7,8280,7,0,0,0,0
InboundTrafficMetrics,0,0,1,9136,6,9136,6,0,0,0,0
OutboundTrafficMetrics,1,9,6,14736,10,14664,10,0,0,0,0
InboundTrafficMetrics,0,0,1,24944,10,24944,10,0,0,0,0
OutboundTrafficMetrics,1,9,6,14736,10,14664,10,0,0,0,0
InboundTrafficMetrics,0,0,1,24648,10,24648,10,0,0,0,0
OutboundTrafficMetrics,1,9,2,7536,6,7464,6,0,0,0,0
InboundTrafficMetrics,0,0,5,8992,6,8992,6,0,0,0,0
OutboundTrafficMetrics,1,9,2,7536,6,7464,6,0,0,0,0
InboundTrafficMetrics,0,0,5,8408,5,8408,5,0,0,0,0
OutboundTrafficMetrics,2,26,7,24904,12,24696,12,0,0,0,0
InboundTrafficMetrics,0,0,1,30928,11,30928,11,0,0,0,0
OutboundTrafficMetrics,2,26,7,24904,12,24696,12,0,0,0,0
InboundTrafficMetrics,0,0,1,30640,11,30640,11,0,0,0,0
OutboundTrafficMetrics,4,32,3,17736,9,17472,9,0,0,0,0
InboundTrafficMetrics,0,0,4,24264,9,24264,9,0,0,0,0
OutboundTrafficMetrics,4,32,3,17736,9,17472,9,0,0,0,0
InboundTrafficMetrics,0,0,4,23680,9,23680,9,0,0,0,0
OutboundTrafficMetrics,2,15,1,39216,19,39096,19,0,0,0,0
InboundTrafficMetrics,0,0,3,66368,20,66368,20,0,0,0,0
OutboundTrafficMetrics,2,15,1,39216,19,39096,19,0,0,0,0
InboundTrafficMetrics,0,0,3,66080,20,66080,20,0,0,0,0
OutboundTrafficMetrics,4,358,3,13880,13,11008,9,0,0,0,0
InboundTrafficMetrics,0,0,5,15600,8,15600,8,0,0,0,0
OutboundTrafficMetrics,4,358,3,13880,13,11008,9,0,0,0,0
InboundTrafficMetrics,0,0,5,15312,8,15312,8,0,0,0,0
OutboundTrafficMetrics,5,405,1,32552,19,29312,13,0,0,0,0
InboundTrafficMetrics,0,0,2,21320,11,21320,11,0,0,0,0
OutboundTrafficMetrics,5,405,1,32552,19,29312,13,0,0,0,0
InboundTrafficMetrics,0,0,2,20736,11,20736,11,0,0,0,0
OutboundTrafficMetrics,4,318,3,71696,24,69152,20,0,0,0,0
InboundTrafficMetrics,0,0,7,28752,22,28752,22,0,0,0,0
OutboundTrafficMetrics,4,318,3,71696,24,69152,20,0,0,0,0
InboundTrafficMetrics,0,0,7,28344,22,28344,22,0,0,0,0
OutboundTrafficMetrics,6,43,7,23368,13,23024,12,0,0,0,0
InboundTrafficMetrics,0,0,1,28480,11,28480,11,0,0,0,0
OutboundTrafficMetrics,6,43,7,23368,13,23024,12,0,0,0,0
InboundTrafficMetrics,0,0,1,27896,11,27896,11,0,0,0,0
OutboundTrafficMetrics,1,7,1,35208,19,35144,19,0,0,0,0
InboundTrafficMetrics,0,0,1,63224,20,63224,20,0,0,0,0
OutboundTrafficMetrics,1,7,1,35208,19,35144,19,0,0,0,0
InboundTrafficMetrics,0,0,1,62936,20,62936,20,0,0,0,0
OutboundTrafficMetrics,1,9,6,221296,94,221224,94,0,0,0,0
InboundTrafficMetrics,0,0,9,754168,169,754168,169,0,0,0,0
OutboundTrafficMetrics,1,9,6,221296,94,221224,94,0,0,0,0
InboundTrafficMetrics,0,0,9,753584,169,753584,169,0,0,0,0
OutboundTrafficMetrics,3,21,2,15568,10,15400,10,0,0,0,0
InboundTrafficMetrics,0,0,3,23768,9,23768,9,0,0,0,0
OutboundTrafficMetrics,3,21,2,15568,10,15400,10,0,0,0,0
InboundTrafficMetrics,0,0,3,23472,9,23472,9,0,0,0,0
OutboundTrafficMetrics,1,129,9,45480,16,44448,15,0,0,0,0
InboundTrafficMetrics,0,0,1,39648,12,39648,12,0,0,0,0
OutboundTrafficMetrics,1,129,9,45480,16,44448,15,0,0,0,0
InboundTrafficMetrics,0,0,1,39352,12,39352,12,0,0,0,0
OutboundTrafficMetrics,3,234,4,26496,16,24624,13,0,0,0,0
InboundTrafficMetrics,0,0,6,40736,12,40736,12,0,0,0,0
OutboundTrafficMetrics,3,234,4,26496,16,24624,13,0,0,0,0
InboundTrafficMetrics,0,0,6,40160,11,40160,11,0,0,0,0
OutboundTrafficMetrics,7,588,2,33760,23,29056,15,0,0,0,0
InboundTrafficMetrics,0,0,4,41672,15,41672,15,0,0,0,0
OutboundTrafficMetrics,7,588,2,33760,23,29056,15,0,0,0,0
InboundTrafficMetrics,0,0,4,41096,15,41096,15,0,0,0,0
OutboundTrafficMetrics,5,375,2,15952,14,12944,9,0,0,0,0
InboundTrafficMetrics,0,0,3,17408,7,17408,7,0,0,0,0
OutboundTrafficMetrics,5,375,2,15952,14,12944,9,0,0,0,0
InboundTrafficMetrics,0,0,3,17120,7,17120,7,0,0,0,0
OutboundTrafficMetrics,3,232,1,55232,23,53376,20,0,0,0,0
InboundTrafficMetrics,0,0,2,82608,21,82608,21,0,0,0,0
OutboundTrafficMetrics,3,232,1,55232,23,53376,20,0,0,0,0
InboundTrafficMetrics,0,0,2,82032,21,82032,21,0,0,0,0
OutboundTrafficMetrics,4,29,6,74144,22,73904,22,0,0,0,0
InboundTrafficMetrics,0,0,1,38016,23,38016,23,0,0,0,0
OutboundTrafficMetrics,4,29,6,74144,22,73904,22,0,0,0,0
InboundTrafficMetrics,0,0,1,37720,23,37720,23,0,0,0,0
OutboundTrafficMetrics,1,6,4,41984,15,41936,15,0,0,0,0
InboundTrafficMetrics,0,0,8,32888,12,32888,12,0,0,0,0
OutboundTrafficMetrics,1,6,4,41984,15,41936,15,0,0,0,0
InboundTrafficMetrics,0,0,8,32592,12,32592,12,0,0,0,0
OutboundTrafficMetrics,1,6,2,14104,7,14056,7,0,0,0,0
InboundTrafficMetrics,0,0,3,12456,6,12456,6,0,0,0,0
OutboundTrafficMetrics,1,6,2,14104,7,14056,7,0,0,0,0
InboundTrafficMetrics,0,0,3,11760,6,11760,6,0,0,0,0
OutboundTrafficMetrics,3,18,3,12256,9,12104,8,0,0,0,0
InboundTrafficMetrics,0,0,6,11776,6,11776,6,0,0,0,0
OutboundTrafficMetrics,3,18,3,12256,9,12104,8,0,0,0,0
InboundTrafficMetrics,0,0,6,11488,6,11488,6,0,0,0,0
OutboundTrafficMetrics,4,312,1,13528,11,11032,7,0,0,0,0
InboundTrafficMetrics,0,0,2,12376,7,12376,7,0,0,0,0
OutboundTrafficMetrics,4,312,1,13528,11,11032,7,0,0,0,0
InboundTrafficMetrics,0,0,2,11792,7,11792,7,0,0,0,0
OutboundTrafficMetrics,5,410,3,24216,14,20936,9,0,0,0,0
InboundTrafficMetrics,0,0,4,15208,6,15208,6,0,0,0,0
OutboundTrafficMetrics,5,410,3,24216,14,20936,9,0,0,0,0
InboundTrafficMetrics,0,0,4,14920,6,14920,6,0,0,0,0
OutboundTrafficMetrics,1,96,5,14304,11,13536,10,0,0,0,0
InboundTrafficMetrics,0,0,8,14728,8,14728,8,0,0,0,0
OutboundTrafficMetrics,1,96,5,14304,11,13536,10,0,0,0,0
InboundTrafficMetrics,0,0,8,14440,8,14440,8,0,0,0,0
OutboundTrafficMetrics,7,54,6,15560,9,15120,8,0,0,0,0
InboundTrafficMetrics,0,0,8,16736,7,16736,7,0,0,0,0
OutboundTrafficMetrics,7,54,6,15560,9,15120,8,0,0,0,0
InboundTrafficMetrics,0,0,8,16152,7,16152,7,0,0,0,0
OutboundTrafficMetrics,5,40,1,22120,15,21800,14,0,0,0,0
InboundTrafficMetrics,0,0,2,55648,18,55648,18,0,0,0,0
OutboundTrafficMetrics,5,40,1,22120,15,21800,14,0,0,0,0
InboundTrafficMetrics,0,0,2,55352,18,55352,18,0,0,0,0
OutboundTrafficMetrics,1,17,7,29656,13,29512,12,0,0,0,0
InboundTrafficMetrics,0,0,9,39080,11,39080,11,0,0,0,0
OutboundTrafficMetrics,1,17,7,29656,13,29512,12,0,0,0,0
InboundTrafficMetrics,0,0,9,38432,11,38432,11,0,0,0,0
OutboundTrafficMetrics,3,23,9,22520,12,22336,12,0,0,0,0
InboundTrafficMetrics,0,0,1,26272,11,26272,11,0,0,0,0
OutboundTrafficMetrics,3,23,9,22520,12,22336,12,0,0,0,0
InboundTrafficMetrics,0,0,1,25984,11,25984,11,0,0,0,0
OutboundTrafficMetrics,1,141,1,30800,16,29664,14,0,0,0,0
InboundTrafficMetrics,0,0,1,40920,13,40920,13,0,0,0,0
OutboundTrafficMetrics,1,141,1,30800,16,29664,14,0,0,0,0
InboundTrafficMetrics,0,0,1,40336,13,40336,13,0,0,0,0
OutboundTrafficMetrics,2,216,3,15376,12,13640,9,0,0,0,0
InboundTrafficMetrics,0,0,5,15080,8,15080,8,0,0,0,0
OutboundTrafficMetrics,2,216,3,15376,12,13640,9,0,0,0,0
InboundTrafficMetrics,0,0,5,14792,8,14792,8,0,0,0,0
OutboundTrafficMetrics,0,0,8,26352,14,26352,14,0,0,0,0
InboundTrafficMetrics,0,0,1,28520,13,28520,13,0,0,0,0
OutboundTrafficMetrics,0,0,8,26352,14,26352,14,0,0,0,0
InboundTrafficMetrics,0,0,1,28232,13,28232,13,0,0,0,0
OutboundTrafficMetrics,1,7,1,23648,17,23584,17,0,0,0,0
InboundTrafficMetrics,0,0,2,48160,18,48160,18,0,0,0,0
OutboundTrafficMetrics,1,7,1,23648,17,23584,17,0,0,0,0
InboundTrafficMetrics,0,0,2,47576,18,47576,18,0,0,0,0
OutboundTrafficMetrics,1,132,6,14480,11,13416,9,0,0,0,0
InboundTrafficMetrics,0,0,1,18360,8,18360,8,0,0,0,0
OutboundTrafficMetrics,1,132,6,14480,11,13416,9,0,0,0,0
InboundTrafficMetrics,0,0,1,17952,8,17952,8,0,0,0,0
